url,title,visit_time,visit_count,typed_count,transition
https://www.tracklane.example/datapack/issue/DPA-109,DPA-109 — Browser history use case — Tracklane,2025-04-13T09:04:12.000Z,5,1,link
https://www.mapsguide.example/maps/place/Cove+Point,Cove Point — Mapsguide,2025-04-13T12:48:51.000Z,4,0,link
https://www.bookstay.example/s/Pinegrove/homes,Pinegrove — Bookstay,2025-04-15T14:06:35.000Z,8,2,typed
https://www.pressglobe.example/,Pressglobe,2025-04-16T08:59:16.000Z,8,3,link
https://www.huddle.example/client/T0/C2,#engineering — Acme Workspace — Huddle,2025-04-16T09:24:11.000Z,8,1,link
https://www.pagebook.example/Q3-launch-plan-abc,Q3 launch plan — Pagebook,2025-04-16T12:25:00.000Z,14,10,typed
https://www.taxportal.example/forms-pubs,Forms and Publications — Taxportal,2025-04-16T17:34:31.000Z,10,2,link
https://www.paywire.example/dashboard/payments,Payments — Paywire Dashboard,2025-04-16T18:26:16.000Z,8,2,auto
https://www.webcodex.example/docs/Web/API/URL,URL — Web APIs — WebCodex,2025-04-17T17:21:01.000Z,4,1,link
https://www.caremap.example/visits,Upcoming visits — Caremap,2025-04-18T14:35:42.000Z,8,0,link
https://www.quokka.example/questions/45678/conditional-types,Conditional type unions in a typed language — Quokka Answers,2025-04-18T21:03:05.000Z,4,1,link
https://www.microblog.example/home,Home — Microblog,2025-04-19T01:17:02.000Z,5,0,link
https://www.streamtube.example/watch?v=fakeid001,How a B-tree pages to disk — Mongoose Garage — Streamtube,2025-04-20T00:39:39.000Z,7,0,link
https://quietfind.example/search?q=decode+webkit+epoch+microseconds,decode webkit epoch microseconds — Quietfind,2025-04-20T12:34:29.000Z,14,4,link
https://www.wellnessread.example/nutrition/sourdough-bread,Is sourdough bread healthy? — Wellnessread,2025-04-21T16:56:01.000Z,9,1,link
https://www.streamtube.example/watch?v=fakeid003,Restoring a 1940s woodworking plane — Brick and Mortar — Streamtube,2025-04-22T01:52:33.000Z,5,0,link
https://www.friendlybank.example/banking/checking,Checking account — Friendlybank,2025-04-22T11:19:02.000Z,5,0,link
https://www.buildbits.example/posts/svg-text-baseline-tricks,SVG text-baseline tricks — Buildbits,2025-04-22T16:53:24.000Z,12,1,typed
https://www.wellnessread.example/nutrition/sourdough-bread,Is sourdough bread healthy? — Wellnessread,2025-04-23T11:22:08.000Z,9,1,link
https://www.glidedeploy.example/datapack/datapack-anything-preview,datapack-anything preview — Glidedeploy,2025-04-23T16:08:04.000Z,5,1,link
https://searchgo.example/?q=postgres+covering+index+size&t=h_,postgres covering index size — Searchgo,2025-04-24T11:47:35.000Z,6,1,link
https://www.findr.example/search?q=best+portable+espresso+maker&hl=en,best portable espresso maker — Findr Search,2025-04-25T13:49:00.000Z,4,3,typed
https://www.mapsguide.example/maps/place/Cove+Point,Cove Point — Mapsguide,2025-04-25T14:51:17.000Z,4,0,link
https://www.devhub.example/datapack-org/datapack-anything/pull/142,Add browser-history support · Pull Request #142 — Devhub,2025-04-25T22:49:00.000Z,7,0,link
https://www.caremap.example/visits,Upcoming visits — Caremap,2025-04-28T11:44:43.000Z,8,0,link
https://www.taxportal.example/forms-pubs,Forms and Publications — Taxportal,2025-04-29T10:20:54.000Z,10,2,link
https://www.buildbits.example/posts/svg-text-baseline-tricks,SVG text-baseline tricks — Buildbits,2025-04-29T17:29:31.000Z,12,1,link
https://www.huddle.example/client/T0/C1,#general — Acme Workspace — Huddle,2025-04-30T13:49:45.000Z,2,0,link
https://www.investview.example/accounts/portfolio,Portfolio summary — Investview,2025-05-01T12:12:00.000Z,7,0,link
https://www.buildbits.example/posts/svg-text-baseline-tricks,SVG text-baseline tricks — Buildbits,2025-05-01T16:54:38.000Z,12,1,link
https://www.hackerwire.example/,Hackerwire,2025-05-03T13:48:47.000Z,3,0,link
https://www.microblog.example/home,Home — Microblog,2025-05-03T23:37:46.000Z,5,0,link
https://www.taxportal.example/forms-pubs,Forms and Publications — Taxportal,2025-05-04T15:35:24.000Z,10,2,link
https://www.worknet.example/feed/,Feed — Worknet,2025-05-04T21:04:07.000Z,5,1,link
https://www.redbox.example/r/coffee/comments/abc/portable_espresso,Favorite portable espresso? — r/coffee — Redbox,2025-05-04T23:27:04.000Z,7,0,link
https://quietfind.example/search?q=decode+webkit+epoch+microseconds,decode webkit epoch microseconds — Quietfind,2025-05-05T14:09:00.000Z,14,4,typed
https://www.quokka.example/questions/12345/postgres-covering-index,Postgres covering index — best practice — Quokka Answers,2025-05-05T14:16:00.000Z,7,0,link
https://www.glidedeploy.example/datapack/datapack-anything/deployments,Deployments · datapack-anything — Glidedeploy,2025-05-05T14:19:27.000Z,14,2,link
https://www.webcodex.example/docs/Web/JavaScript/Reference/Global_Objects/Intl,Intl — JavaScript reference — WebCodex,2025-05-05T14:22:00.000Z,7,1,link
https://quietfind.example/search?q=decode+webkit+epoch+microseconds,decode webkit epoch microseconds — Quietfind,2025-05-05T14:29:00.000Z,14,4,link
https://www.devhub.example/datapack-org/datapack-anything,datapack-anything · datapack-org — Devhub,2025-05-05T14:35:00.000Z,4,0,link
https://www.quokka.example/questions/12345/postgres-covering-index,Postgres covering index — best practice — Quokka Answers,2025-05-05T14:38:00.000Z,7,0,link
https://www.pkgsmith.example/package/zoneparse,zoneparse — Pkgsmith,2025-05-05T14:47:00.000Z,9,0,link
https://www.devhub.example/datapack-org/datapack-anything,datapack-anything · datapack-org — Devhub,2025-05-05T14:53:00.000Z,4,0,link
https://www.webcodex.example/docs/Web/API/URL,URL — Web APIs — WebCodex,2025-05-05T14:56:00.000Z,4,1,link
https://www.pagebook.example/Q3-launch-plan-abc,Q3 launch plan — Pagebook,2025-05-05T16:00:00.000Z,14,10,typed
https://www.investview.example/research/news,Market news — Investview,2025-05-05T16:17:45.000Z,3,0,link
https://www.caremap.example/visits,Upcoming visits — Caremap,2025-05-05T17:58:25.000Z,8,0,link
https://www.findr.example/search?q=decode+webkit+epoch+microseconds&hl=en,decode webkit epoch microseconds — Findr Search,2025-05-05T20:13:00.000Z,4,3,typed
https://www.pixelboard.example/file/abc/Onboarding-flow,Onboarding flow — Pixelboard,2025-05-05T21:37:57.000Z,8,4,typed
https://searchgo.example/?q=postgres+covering+index+size&t=h_,postgres covering index size — Searchgo,2025-05-05T21:59:02.000Z,6,1,link
https://www.microblog.example/i/notifications,Notifications — Microblog,2025-05-06T12:50:44.000Z,2,1,link
https://www.investview.example/accounts/portfolio,Portfolio summary — Investview,2025-05-06T16:15:17.000Z,7,0,link
https://quietfind.example/search?q=decode+webkit+epoch+microseconds,decode webkit epoch microseconds — Quietfind,2025-05-07T14:06:30.000Z,14,4,link
https://www.hackerwire.example/item?id=1234567,A small database in 200 lines — Hackerwire,2025-05-08T20:56:33.000Z,1,1,typed
https://www.pressglobe.example/,Pressglobe,2025-05-09T09:32:37.000Z,8,3,typed
https://www.findr.example/search?q=ssr+app+router+cache+headers&hl=en,ssr app router cache headers — Findr Search,2025-05-09T21:19:50.000Z,2,2,typed
https://www.livecast.example/directory/category/software-and-game-development,Software and Game Development streams — Livecast,2025-05-09T22:15:18.000Z,5,0,link
https://www.wellnessread.example/nutrition/sourdough-bread,Is sourdough bread healthy? — Wellnessread,2025-05-10T16:06:59.000Z,9,1,link
https://www.craftshop.example/listing/abc/handmade-bowl,Handmade ceramic bowl — Craftshop,2025-05-10T22:02:39.000Z,8,1,link
https://www.openpedia.example/wiki/Bronze_orrery_devices,Bronze orrery devices — Openpedia,2025-05-10T22:02:58.000Z,5,3,link
https://www.pagebook.example/Q3-launch-plan-abc,Q3 launch plan — Pagebook,2025-05-11T10:47:48.000Z,14,10,link
https://www.openpedia.example/wiki/Pinegrove_cove,Pinegrove cove — Openpedia,2025-05-12T12:38:24.000Z,3,1,typed
https://www.wellnessread.example/nutrition/sourdough-bread,Is sourdough bread healthy? — Wellnessread,2025-05-12T15:21:38.000Z,9,1,link
https://www.glidedeploy.example/datapack/datapack-anything/deployments,Deployments · datapack-anything — Glidedeploy,2025-05-12T16:46:00.000Z,14,2,auto
https://www.devhub.example/datapack-org/datapack-anything/pull/142,Add browser-history support · Pull Request #142 — Devhub,2025-05-13T15:02:00.000Z,7,0,auto
https://www.pkgsmith.example/package/typesafe-lang,typesafe-lang — Pkgsmith,2025-05-13T20:47:22.000Z,10,1,link
https://www.outdoorco.example/product/123/headlamp,Lightweight headlamp — Outdoorco,2025-05-14T14:03:51.000Z,15,4,typed
https://www.quokka.example/questions/12345/postgres-covering-index,Postgres covering index — best practice — Quokka Answers,2025-05-17T14:15:27.000Z,7,0,auto
https://www.pagebook.example/Q3-launch-plan-abc,Q3 launch plan — Pagebook,2025-05-18T09:19:40.000Z,14,10,link
https://quietfind.example/search?q=decode+webkit+epoch+microseconds,decode webkit epoch microseconds — Quietfind,2025-05-18T11:17:18.000Z,14,4,link
https://www.craftshop.example/listing/abc/handmade-bowl,Handmade ceramic bowl — Craftshop,2025-05-18T12:33:10.000Z,8,1,link
https://www.tunestream.example/album/def,Forgotten records of 1979 — Tunestream,2025-05-20T00:14:07.000Z,4,0,link
https://www.glidedeploy.example/datapack/datapack-anything/deployments,Deployments · datapack-anything — Glidedeploy,2025-05-20T11:58:13.000Z,14,2,link
https://www.tunestream.example/album/def,Forgotten records of 1979 — Tunestream,2025-05-20T22:58:30.000Z,4,0,link
https://www.worldwire.example/news,Worldwire News,2025-05-21T07:29:51.000Z,8,1,auto
https://www.bookstay.example/s/Pinegrove/homes,Pinegrove — Bookstay,2025-05-22T12:23:25.000Z,8,2,typed
https://www.pagebook.example/Q3-launch-plan-abc,Q3 launch plan — Pagebook,2025-05-24T12:33:00.000Z,14,10,typed
https://www.openpedia.example/wiki/Bronze_orrery_devices,Bronze orrery devices — Openpedia,2025-05-24T21:54:20.000Z,5,3,typed
https://www.pagebook.example/Decision-log-pqr,Decision log — Pagebook,2025-05-25T15:01:24.000Z,4,1,link
https://www.manualbase.example/projects/sql-toolkit/en/latest/,SQL Toolkit documentation — Manualbase,2025-05-26T13:59:14.000Z,8,3,link
https://www.microblog.example/home,Home — Microblog,2025-05-26T14:39:09.000Z,5,0,link
https://www.outdoorco.example/product/123/headlamp,Lightweight headlamp — Outdoorco,2025-05-26T20:25:23.000Z,15,4,typed
https://www.manualbase.example/projects/sql-toolkit/en/latest/,SQL Toolkit documentation — Manualbase,2025-05-26T22:08:16.000Z,8,3,typed
https://www.taxportal.example/forms-pubs,Forms and Publications — Taxportal,2025-05-27T13:44:55.000Z,10,2,link
https://www.pagebook.example/Decision-log-pqr,Decision log — Pagebook,2025-05-28T09:08:17.000Z,4,1,typed
https://www.outdoorco.example/product/123/headlamp,Lightweight headlamp — Outdoorco,2025-05-28T13:25:19.000Z,15,4,typed
https://www.pkgsmith.example/package/typesafe-lang,typesafe-lang — Pkgsmith,2025-05-30T13:53:00.000Z,10,1,link
https://www.glidedeploy.example/datapack/datapack-anything/deployments,Deployments · datapack-anything — Glidedeploy,2025-05-30T15:50:18.000Z,14,2,typed
https://www.pixelboard.example/file/abc/Onboarding-flow,Onboarding flow — Pixelboard,2025-05-30T16:20:24.000Z,8,4,typed
https://www.findr.example/search?q=decode+webkit+epoch+microseconds&hl=en,decode webkit epoch microseconds — Findr Search,2025-05-30T21:38:22.000Z,4,3,link
https://www.buildbits.example/posts/svg-text-baseline-tricks,SVG text-baseline tricks — Buildbits,2025-05-31T11:16:59.000Z,12,1,link
https://www.caremap.example/visits,Upcoming visits — Caremap,2025-05-31T12:35:01.000Z,8,0,link
https://www.dailyledger.example/section/technology,Technology — Daily Ledger,2025-06-01T08:48:31.000Z,8,1,link
https://www.paywire.example/dashboard/payments,Payments — Paywire Dashboard,2025-06-01T12:22:07.000Z,8,2,link
https://www.buildbits.example/posts/svg-text-baseline-tricks,SVG text-baseline tricks — Buildbits,2025-06-01T13:30:05.000Z,12,1,auto
https://www.wellnessread.example/nutrition/sourdough-bread,Is sourdough bread healthy? — Wellnessread,2025-06-02T09:32:02.000Z,9,1,link
https://quietfind.example/search?q=decode+webkit+epoch+microseconds,decode webkit epoch microseconds — Quietfind,2025-06-02T13:29:46.000Z,14,4,link
https://www.caremap.example/visits,Upcoming visits — Caremap,2025-06-02T15:19:36.000Z,8,0,link
https://www.dailyledger.example/section/technology,Technology — Daily Ledger,2025-06-02T18:54:13.000Z,8,1,link
https://www.redbox.example/r/coffee/comments/abc/portable_espresso,Favorite portable espresso? — r/coffee — Redbox,2025-06-04T00:15:49.000Z,7,0,link
https://www.buildbits.example/posts/svg-text-baseline-tricks,SVG text-baseline tricks — Buildbits,2025-06-04T14:46:41.000Z,12,1,link
https://www.dailyledger.example/section/technology,Technology — Daily Ledger,2025-06-05T09:11:09.000Z,8,1,link
https://www.paywire.example/dashboard/payments,Payments — Paywire Dashboard,2025-06-05T11:37:43.000Z,8,2,link
https://www.devhub.example/datapack-org/datapack-anything,datapack-anything · datapack-org — Devhub,2025-06-06T13:15:17.000Z,4,0,link
https://www.findr.example/search?q=best+portable+espresso+maker&hl=en,best portable espresso maker — Findr Search,2025-06-08T22:10:00.000Z,4,3,typed
https://www.streamtube.example/watch?v=fakeid003,Restoring a 1940s woodworking plane — Brick and Mortar — Streamtube,2025-06-08T23:40:23.000Z,5,0,link
https://www.glidedeploy.example/datapack/datapack-anything-preview,datapack-anything preview — Glidedeploy,2025-06-09T09:37:08.000Z,5,1,typed
https://www.bookstay.example/s/Pinegrove/homes,Pinegrove — Bookstay,2025-06-09T20:54:15.000Z,8,2,link
https://www.glidedeploy.example/datapack/datapack-anything/deployments,Deployments · datapack-anything — Glidedeploy,2025-06-11T13:43:00.000Z,14,2,link
https://www.redbox.example/r/local-history/comments/ghi/bronze-orrery,Bronze orrery devices — what we know — r/local-history — Redbox,2025-06-12T23:03:00.000Z,3,1,typed
https://www.redbox.example/r/programming,/r/programming — Redbox,2025-06-12T23:08:00.000Z,4,0,link
https://www.redbox.example/r/woodworking,/r/woodworking — Redbox,2025-06-12T23:17:00.000Z,3,1,link
https://www.redbox.example/r/programming,/r/programming — Redbox,2025-06-12T23:24:00.000Z,4,0,link
https://www.redbox.example/r/coffee/comments/abc/portable_espresso,Favorite portable espresso? — r/coffee — Redbox,2025-06-12T23:35:00.000Z,7,0,link
https://www.redbox.example/r/sourdough/comments/def/proofing,Cold proofing question — r/sourdough — Redbox,2025-06-12T23:40:00.000Z,3,0,link
https://www.redbox.example/r/coffee/comments/abc/portable_espresso,Favorite portable espresso? — r/coffee — Redbox,2025-06-12T23:51:00.000Z,7,0,link
https://www.redbox.example/r/coffee/comments/abc/portable_espresso,Favorite portable espresso? — r/coffee — Redbox,2025-06-12T23:55:00.000Z,7,0,link
https://www.redbox.example/r/woodworking,/r/woodworking — Redbox,2025-06-13T00:06:00.000Z,3,1,link
https://www.redbox.example/r/coffee/comments/abc/portable_espresso,Favorite portable espresso? — r/coffee — Redbox,2025-06-13T00:14:00.000Z,7,0,link
https://www.redbox.example/r/programming,/r/programming — Redbox,2025-06-13T00:19:00.000Z,4,0,link
https://www.tracklane.example/datapack/team/PRO/active,Active issues · Project — Tracklane,2025-06-13T12:58:03.000Z,1,0,auto
https://www.tracklane.example/datapack/inbox,Inbox — Tracklane,2025-06-13T21:03:00.000Z,10,8,typed
https://www.mapsguide.example/maps/place/Cove+Point,Cove Point — Mapsguide,2025-06-13T22:43:26.000Z,4,0,link
https://www.taxportal.example/forms-pubs,Forms and Publications — Taxportal,2025-06-14T20:06:57.000Z,10,2,typed
https://www.glidedeploy.example/datapack/datapack-anything/deployments,Deployments · datapack-anything — Glidedeploy,2025-06-14T21:21:00.000Z,14,2,link
https://www.tracklane.example/datapack/issue/DPA-109,DPA-109 — Browser history use case — Tracklane,2025-06-15T14:41:49.000Z,5,1,typed
https://www.outdoorco.example/product/123/headlamp,Lightweight headlamp — Outdoorco,2025-06-16T20:00:50.000Z,15,4,auto
https://www.tracklane.example/datapack/inbox,Inbox — Tracklane,2025-06-17T17:29:00.000Z,10,8,typed
https://www.bigmart.example/dp/B000FAKE01,Portable espresso maker — manual lever — Bigmart,2025-06-17T22:55:20.000Z,3,1,link
https://www.pagebook.example/Q3-launch-plan-abc,Q3 launch plan — Pagebook,2025-06-18T21:20:00.000Z,14,10,typed
https://www.pagebook.example/Q3-launch-plan-abc,Q3 launch plan — Pagebook,2025-06-19T20:24:00.000Z,14,10,typed
https://searchgo.example/?q=css+grid+template-areas+examples&t=h_,css grid template-areas examples — Searchgo,2025-06-20T10:05:26.000Z,5,2,typed
https://www.findr.example/search?q=postgres+covering+index+size&hl=en,postgres covering index size — Findr Search,2025-06-21T16:14:00.000Z,5,4,typed
https://www.worldwire.example/news,Worldwire News,2025-06-21T18:12:10.000Z,8,1,link
https://www.tunestream.example/playlist/abc,Late shift — Playlist — Tunestream,2025-06-21T20:50:51.000Z,4,0,link
https://www.findr.example/search?q=postgres+covering+index+size&hl=en,postgres covering index size — Findr Search,2025-06-21T22:40:00.000Z,5,4,typed
https://www.pixelboard.example/file/abc/Onboarding-flow,Onboarding flow — Pixelboard,2025-06-22T20:35:53.000Z,8,4,link
https://www.buildbits.example/posts/svg-text-baseline-tricks,SVG text-baseline tricks — Buildbits,2025-06-23T12:49:47.000Z,12,1,link
https://www.streamtube.example/watch?v=fakeid004,1 hour of soft piano for the late shift — Lofi Buoy — Streamtube,2025-06-24T02:23:44.000Z,4,0,link
https://www.buildbits.example/posts/svg-text-baseline-tricks,SVG text-baseline tricks — Buildbits,2025-06-24T16:35:09.000Z,12,1,link
https://www.pkgsmith.example/package/typesafe-lang,typesafe-lang — Pkgsmith,2025-06-25T10:00:11.000Z,10,1,typed
https://www.mapsguide.example/maps/dir/Riverbend/Pinegrove,Directions to Pinegrove — Mapsguide,2025-06-25T20:49:17.000Z,4,0,link
https://www.paywire.example/dashboard/payments,Payments — Paywire Dashboard,2025-06-26T12:08:26.000Z,8,2,typed
https://www.glidedeploy.example/datapack/datapack-anything-preview,datapack-anything preview — Glidedeploy,2025-06-26T15:13:31.000Z,5,1,link
https://www.outdoorco.example/product/123/headlamp,Lightweight headlamp — Outdoorco,2025-06-26T21:54:13.000Z,15,4,auto
https://www.outdoorco.example/product/123/headlamp,Lightweight headlamp — Outdoorco,2025-06-27T14:37:10.000Z,15,4,link
https://www.outdoorco.example/product/123/headlamp,Lightweight headlamp — Outdoorco,2025-06-27T20:44:24.000Z,15,4,link
https://www.pkgsmith.example/package/zoneparse,zoneparse — Pkgsmith,2025-06-28T13:53:10.000Z,9,0,link
https://www.tracklane.example/datapack/inbox,Inbox — Tracklane,2025-06-28T20:35:00.000Z,10,8,typed
https://www.redbox.example/r/local-history/comments/ghi/bronze-orrery,Bronze orrery devices — what we know — r/local-history — Redbox,2025-06-28T20:52:05.000Z,3,1,link
https://www.taxportal.example/forms-pubs,Forms and Publications — Taxportal,2025-06-28T21:07:40.000Z,10,2,link
https://www.microblog.example/i/notifications,Notifications — Microblog,2025-06-29T02:33:09.000Z,2,1,typed
https://www.tracklane.example/datapack/inbox,Inbox — Tracklane,2025-06-29T11:31:00.000Z,10,8,typed
https://www.tracklane.example/datapack/inbox,Inbox — Tracklane,2025-06-29T12:50:00.000Z,10,8,typed
https://www.wellnessread.example/nutrition/sourdough-bread,Is sourdough bread healthy? — Wellnessread,2025-06-29T14:06:30.000Z,9,1,link
https://www.livecast.example/directory/category/software-and-game-development,Software and Game Development streams — Livecast,2025-06-29T23:38:09.000Z,5,0,link
https://www.pkgsmith.example/package/typesafe-lang,typesafe-lang — Pkgsmith,2025-06-30T11:03:44.000Z,10,1,link
https://www.skywings.example/flightinfo,Flight information — Skywings,2025-06-30T13:37:54.000Z,8,1,link
https://www.outdoorco.example/product/123/headlamp,Lightweight headlamp — Outdoorco,2025-06-30T14:20:31.000Z,15,4,typed
https://www.skywings.example/flightinfo,Flight information — Skywings,2025-06-30T21:28:24.000Z,8,1,typed
https://www.openpedia.example/wiki/Pinegrove_cove,Pinegrove cove — Openpedia,2025-06-30T22:33:13.000Z,3,1,link
https://www.bigmart.example/dp/B000FAKE01,Portable espresso maker — manual lever — Bigmart,2025-07-01T13:47:10.000Z,3,1,typed
https://www.findr.example/search?q=weekend+road+trip+3+hours+from+town&hl=en,weekend road trip 3 hours from town — Findr Search,2025-07-01T15:46:40.000Z,1,1,typed
https://www.pressglobe.example/,Pressglobe,2025-07-01T18:33:29.000Z,8,3,typed
https://www.outdoorco.example/product/123/headlamp,Lightweight headlamp — Outdoorco,2025-07-01T20:47:35.000Z,15,4,link
https://www.huddle.example/client/T0/C1,#general — Acme Workspace — Huddle,2025-07-01T22:01:59.000Z,2,0,auto
https://www.craftshop.example/listing/abc/handmade-bowl,Handmade ceramic bowl — Craftshop,2025-07-01T22:27:38.000Z,8,1,link
https://www.hackerwire.example/newest,New — Hackerwire,2025-07-02T02:52:48.000Z,1,0,link
https://www.wellnessread.example/nutrition/sourdough-bread,Is sourdough bread healthy? — Wellnessread,2025-07-02T09:38:28.000Z,9,1,link
https://www.worldwire.example/news,Worldwire News,2025-07-02T09:46:39.000Z,8,1,link
https://www.pagebook.example/Decision-log-pqr,Decision log — Pagebook,2025-07-02T11:41:28.000Z,4,1,link
https://www.caremap.example/visits,Upcoming visits — Caremap,2025-07-02T13:06:19.000Z,8,0,link
https://www.redbox.example/r/coffee/comments/abc/portable_espresso,Favorite portable espresso? — r/coffee — Redbox,2025-07-02T13:15:24.000Z,7,0,link
https://www.bookstay.example/s/Pinegrove/homes,Pinegrove — Bookstay,2025-07-02T13:37:38.000Z,8,2,link
https://searchgo.example/?q=postgres+covering+index+size&t=h_,postgres covering index size — Searchgo,2025-07-02T17:31:34.000Z,6,1,link
https://www.craftshop.example/listing/abc/handmade-bowl,Handmade ceramic bowl — Craftshop,2025-07-02T22:57:52.000Z,8,1,link
https://www.webcodex.example/docs/Web/JavaScript/Reference/Global_Objects/Intl,Intl — JavaScript reference — WebCodex,2025-07-03T14:24:03.000Z,7,1,link
https://www.pkgsmith.example/package/zoneparse,zoneparse — Pkgsmith,2025-07-03T21:50:34.000Z,9,0,link
https://www.findr.example/search?q=narrow+type+from+string+literal&hl=en,narrow type from string literal — Findr Search,2025-07-03T22:03:27.000Z,4,0,link
https://www.findr.example/search?q=decode+webkit+epoch+microseconds&hl=en,decode webkit epoch microseconds — Findr Search,2025-07-03T22:26:00.000Z,4,3,typed
https://www.cloudbench.example/billing,Billing — Cloudbench,2025-07-03T22:53:23.000Z,1,0,link
https://www.mapsguide.example/maps/dir/Riverbend/Pinegrove,Directions to Pinegrove — Mapsguide,2025-07-04T12:28:25.000Z,4,0,link
https://www.streamtube.example/watch?v=fakeid001,How a B-tree pages to disk — Mongoose Garage — Streamtube,2025-07-04T16:46:15.000Z,7,0,link
https://www.webcodex.example/docs/Web/JavaScript/Reference/Global_Objects/Intl,Intl — JavaScript reference — WebCodex,2025-07-04T20:04:54.000Z,7,1,link
https://quietfind.example/search?q=decode+webkit+epoch+microseconds,decode webkit epoch microseconds — Quietfind,2025-07-04T20:11:13.000Z,14,4,link
https://www.bookstay.example/s/Pinegrove/homes,Pinegrove — Bookstay,2025-07-05T12:19:42.000Z,8,2,link
https://www.webcodex.example/docs/Web/CSS/grid-template-areas,grid-template-areas — CSS reference — WebCodex,2025-07-05T15:48:30.000Z,6,0,link
https://www.investview.example/accounts/portfolio,Portfolio summary — Investview,2025-07-05T17:37:39.000Z,7,0,link
https://www.manualbase.example/projects/sql-toolkit/en/latest/,SQL Toolkit documentation — Manualbase,2025-07-05T20:20:16.000Z,8,3,link
https://www.skywings.example/flightinfo,Flight information — Skywings,2025-07-05T20:51:13.000Z,8,1,link
https://www.quokka.example/questions/12345/postgres-covering-index,Postgres covering index — best practice — Quokka Answers,2025-07-05T22:19:11.000Z,7,0,link
https://www.devhub.example/datapack-org/datapack-anything/pull/142,Add browser-history support · Pull Request #142 — Devhub,2025-07-06T15:12:29.000Z,7,0,link
https://searchgo.example/?q=css+grid+template-areas+examples&t=h_,css grid template-areas examples — Searchgo,2025-07-06T17:03:45.000Z,5,2,link
https://www.dailyledger.example/section/technology,Technology — Daily Ledger,2025-07-06T17:15:57.000Z,8,1,link
https://www.skywings.example/flightinfo,Flight information — Skywings,2025-07-06T20:37:26.000Z,8,1,link
https://www.pagebook.example/Engineering-handbook-xyz,Engineering handbook — Pagebook,2025-07-06T21:56:34.000Z,4,0,link
https://www.bigmart.example/dp/B000FAKE02,Stainless steel mixing bowl set — Bigmart,2025-07-06T22:00:01.000Z,1,0,auto
https://searchgo.example/?q=postgres+covering+index+size&t=h_,postgres covering index size — Searchgo,2025-07-06T22:13:58.000Z,6,1,link
https://www.taxportal.example/forms-pubs,Forms and Publications — Taxportal,2025-07-06T22:43:07.000Z,10,2,link
https://www.huddle.example/client/T0/C2,#engineering — Acme Workspace — Huddle,2025-07-07T15:24:07.000Z,8,1,link
https://www.pkgsmith.example/package/zoneparse,zoneparse — Pkgsmith,2025-07-07T17:33:25.000Z,9,0,link
https://www.manualbase.example/projects/sql-toolkit/en/latest/,SQL Toolkit documentation — Manualbase,2025-07-07T22:37:24.000Z,8,3,typed
https://www.paywire.example/dashboard/payments,Payments — Paywire Dashboard,2025-07-08T10:37:36.000Z,8,2,link
https://www.outdoorco.example/product/123/headlamp,Lightweight headlamp — Outdoorco,2025-07-08T12:37:19.000Z,15,4,link
https://www.bigmart.example/dp/B000FAKE01,Portable espresso maker — manual lever — Bigmart,2025-07-08T12:58:18.000Z,3,1,link
https://www.mapsguide.example/maps/dir/Riverbend/Pinegrove,Directions to Pinegrove — Mapsguide,2025-07-08T13:29:36.000Z,4,0,link
https://www.webcodex.example/docs/Web/API/URL,URL — Web APIs — WebCodex,2025-07-08T13:41:54.000Z,4,1,typed
https://www.glidedeploy.example/datapack/datapack-anything-preview,datapack-anything preview — Glidedeploy,2025-07-08T20:47:47.000Z,5,1,link
https://www.skywings.example/flightinfo,Flight information — Skywings,2025-07-08T21:24:09.000Z,8,1,link
https://www.streamtube.example/watch?v=fakeid001,How a B-tree pages to disk — Mongoose Garage — Streamtube,2025-07-08T21:44:13.000Z,7,0,link
https://www.pressglobe.example/,Pressglobe,2025-07-09T09:06:05.000Z,8,3,typed
https://www.worknet.example/feed/,Feed — Worknet,2025-07-09T11:30:18.000Z,5,1,link
https://www.skywings.example/flightinfo,Flight information — Skywings,2025-07-09T14:28:22.000Z,8,1,link
https://www.pixelboard.example/file/def/Brand-tokens,Brand tokens — Pixelboard,2025-07-09T17:33:45.000Z,4,1,link
https://www.redbox.example/r/local-history/comments/ghi/bronze-orrery,Bronze orrery devices — what we know — r/local-history — Redbox,2025-07-09T20:03:56.000Z,3,1,link
https://www.findr.example/search?q=ssr+app+router+cache+headers&hl=en,ssr app router cache headers — Findr Search,2025-07-09T20:08:00.000Z,2,2,typed
https://www.quokka.example/questions/22334/regex-multiline,Regex multiline matching — Quokka Answers,2025-07-09T20:11:00.000Z,3,0,link
https://www.webcodex.example/docs/Web/JavaScript/Reference/Global_Objects/Intl,Intl — JavaScript reference — WebCodex,2025-07-09T20:19:00.000Z,7,1,link
https://www.findr.example/search?q=best+portable+espresso+maker&hl=en,best portable espresso maker — Findr Search,2025-07-09T20:28:00.000Z,4,3,link
https://www.devhub.example/datapack-org/datapack-anything/blob/main/SKILL.md,datapack-anything/SKILL.md at main — Devhub,2025-07-09T20:36:00.000Z,5,0,link
https://www.paywire.example/dashboard/payments,Payments — Paywire Dashboard,2025-07-09T20:38:39.000Z,8,2,typed
https://www.quokka.example/questions/22334/regex-multiline,Regex multiline matching — Quokka Answers,2025-07-09T20:39:00.000Z,3,0,link
https://www.pkgsmith.example/package/typesafe-lang,typesafe-lang — Pkgsmith,2025-07-09T20:47:00.000Z,10,1,link
https://www.devhub.example/datapack-org/datapack-anything/blob/main/SKILL.md,datapack-anything/SKILL.md at main — Devhub,2025-07-09T20:53:00.000Z,5,0,link
https://www.webcodex.example/docs/Web/CSS/grid-template-areas,grid-template-areas — CSS reference — WebCodex,2025-07-09T20:59:00.000Z,6,0,link
https://www.bigmart.example/best-sellers,Best Sellers — Bigmart,2025-07-09T22:10:02.000Z,2,1,link
https://www.pagebook.example/Q3-launch-plan-abc,Q3 launch plan — Pagebook,2025-07-10T10:45:36.000Z,14,10,link
https://www.openpedia.example/wiki/Bronze_orrery_devices,Bronze orrery devices — Openpedia,2025-07-10T11:33:12.000Z,5,3,link
https://www.skywings.example/flightinfo,Flight information — Skywings,2025-07-10T13:13:40.000Z,8,1,auto
https://www.manualbase.example/projects/sql-toolkit/en/latest/,SQL Toolkit documentation — Manualbase,2025-07-10T13:24:14.000Z,8,3,link
https://www.huddle.example/client/T0/C2,#engineering — Acme Workspace — Huddle,2025-07-10T20:32:23.000Z,8,1,typed
https://www.devhub.example/datapack-org/datapack-anything/issues,Issues · datapack-org/datapack-anything — Devhub,2025-07-10T21:52:32.000Z,3,0,link
https://www.webcodex.example/docs/Web/CSS/grid-template-areas,grid-template-areas — CSS reference — WebCodex,2025-07-11T13:27:18.000Z,6,0,link
https://searchgo.example/?q=css+grid+template-areas+examples&t=h_,css grid template-areas examples — Searchgo,2025-07-11T14:08:35.000Z,5,2,link
https://www.mapsguide.example/maps/dir/Riverbend/Pinegrove,Directions to Pinegrove — Mapsguide,2025-07-11T14:16:33.000Z,4,0,link
https://www.cloudbench.example/run,Container Run — Cloudbench,2025-07-11T15:54:57.000Z,2,2,typed
https://www.investview.example/research/news,Market news — Investview,2025-07-11T16:41:22.000Z,3,0,link
https://www.pagebook.example/Decision-log-pqr,Decision log — Pagebook,2025-07-11T21:28:25.000Z,4,1,link
https://www.worknet.example/feed/,Feed — Worknet,2025-07-11T21:55:09.000Z,5,1,typed
https://www.findr.example/search?q=narrow+type+from+string+literal&hl=en,narrow type from string literal — Findr Search,2025-07-12T11:04:55.000Z,4,0,link
https://www.redbox.example/r/sourdough/comments/def/proofing,Cold proofing question — r/sourdough — Redbox,2025-07-12T14:28:53.000Z,3,0,link
https://www.worldwire.example/news,Worldwire News,2025-07-13T09:17:55.000Z,8,1,typed
https://www.paywire.example/dashboard/payments,Payments — Paywire Dashboard,2025-07-13T13:19:53.000Z,8,2,link
https://quietfind.example/search?q=decode+webkit+epoch+microseconds,decode webkit epoch microseconds — Quietfind,2025-07-13T17:49:44.000Z,14,4,typed
https://www.dailyledger.example/section/technology,Technology — Daily Ledger,2025-07-13T19:40:07.000Z,8,1,auto
https://www.bigmart.example/dp/B000FAKE03,Hand plane no.4 — restoration project — Bigmart,2025-07-13T20:30:32.000Z,2,1,auto
https://www.pkgsmith.example/package/zoneparse,zoneparse — Pkgsmith,2025-07-13T22:47:58.000Z,9,0,link
https://www.worldwire.example/news,Worldwire News,2025-07-14T09:45:04.000Z,8,1,link
https://www.craftshop.example/listing/abc/handmade-bowl,Handmade ceramic bowl — Craftshop,2025-07-14T12:55:42.000Z,8,1,link
https://www.dailyledger.example/section/technology,Technology — Daily Ledger,2025-07-14T17:24:49.000Z,8,1,link
https://www.webcodex.example/docs/Web/CSS/grid-template-areas,grid-template-areas — CSS reference — WebCodex,2025-07-15T10:09:26.000Z,6,0,link
https://www.pkgsmith.example/package/typesafe-lang,typesafe-lang — Pkgsmith,2025-07-15T15:53:23.000Z,10,1,link
https://www.pkgsmith.example/package/zoneparse,zoneparse — Pkgsmith,2025-07-16T10:31:04.000Z,9,0,link
https://www.tracklane.example/datapack/inbox,Inbox — Tracklane,2025-07-16T12:50:00.000Z,10,8,typed
https://www.devhub.example/datapack-org/datapack-anything/pull/142,Add browser-history support · Pull Request #142 — Devhub,2025-07-17T14:45:00.000Z,7,0,link
https://searchgo.example/?q=css+grid+template-areas+examples&t=h_,css grid template-areas examples — Searchgo,2025-07-17T21:59:49.000Z,5,2,link
https://www.pagebook.example/Engineering-handbook-xyz,Engineering handbook — Pagebook,2025-07-18T09:13:28.000Z,4,0,link
https://www.quokka.example/questions/45678/conditional-types,Conditional type unions in a typed language — Quokka Answers,2025-07-18T14:33:41.000Z,4,1,link
https://www.devhub.example/datapack-org/datapack-anything/blob/main/SKILL.md,datapack-anything/SKILL.md at main — Devhub,2025-07-18T17:14:38.000Z,5,0,auto
https://www.devhub.example/datapack-org/datapack-anything/issues,Issues · datapack-org/datapack-anything — Devhub,2025-07-18T21:26:07.000Z,3,0,link
https://www.livecast.example/directory/category/software-and-game-development,Software and Game Development streams — Livecast,2025-07-20T15:26:46.000Z,5,0,link
https://www.skywings.example/flightinfo,Flight information — Skywings,2025-07-20T20:07:54.000Z,8,1,link
https://www.cloudbench.example/run,Container Run — Cloudbench,2025-07-21T09:58:48.000Z,2,2,typed
https://www.manualbase.example/projects/sql-toolkit/en/latest/,SQL Toolkit documentation — Manualbase,2025-07-21T16:00:19.000Z,8,3,typed
https://www.pagebook.example/Engineering-handbook-xyz,Engineering handbook — Pagebook,2025-07-21T17:35:09.000Z,4,0,link
https://www.microblog.example/home,Home — Microblog,2025-07-22T22:32:15.000Z,5,0,link
https://www.buildbits.example/posts/svg-text-baseline-tricks,SVG text-baseline tricks — Buildbits,2025-07-23T17:33:43.000Z,12,1,link
https://www.quokka.example/questions/12345/postgres-covering-index,Postgres covering index — best practice — Quokka Answers,2025-07-24T10:05:37.000Z,7,0,link
https://www.craftshop.example/listing/abc/handmade-bowl,Handmade ceramic bowl — Craftshop,2025-07-24T14:25:07.000Z,8,1,link
https://www.pagebook.example/Q3-launch-plan-abc,Q3 launch plan — Pagebook,2025-07-25T11:10:00.000Z,14,10,typed
https://www.investview.example/accounts/portfolio,Portfolio summary — Investview,2025-07-25T12:07:00.000Z,7,0,link
https://www.quokka.example/questions/12345/postgres-covering-index,Postgres covering index — best practice — Quokka Answers,2025-07-25T21:48:37.000Z,7,0,link
https://www.pixelboard.example/file/def/Brand-tokens,Brand tokens — Pixelboard,2025-07-26T15:21:56.000Z,4,1,link
https://www.outdoorco.example/product/123/headlamp,Lightweight headlamp — Outdoorco,2025-07-27T22:50:20.000Z,15,4,link
https://www.devhub.example/datapack-org/datapack-anything/pull/142,Add browser-history support · Pull Request #142 — Devhub,2025-07-28T10:45:00.000Z,7,0,link
https://www.tracklane.example/datapack/inbox,Inbox — Tracklane,2025-07-28T16:38:21.000Z,10,8,link
https://www.openpedia.example/wiki/Bronze_orrery_devices,Bronze orrery devices — Openpedia,2025-07-28T20:31:31.000Z,5,3,typed
https://quietfind.example/search?q=decode+webkit+epoch+microseconds,decode webkit epoch microseconds — Quietfind,2025-07-29T20:09:10.000Z,14,4,link
https://www.worknet.example/feed/,Feed — Worknet,2025-07-29T20:38:30.000Z,5,1,link
https://www.streamtube.example/watch?v=fakeid002,"Beans and rice, but on purpose — Spice Drawer — Streamtube",2025-07-29T22:24:24.000Z,3,0,link
https://www.wellnessread.example/nutrition/sourdough-bread,Is sourdough bread healthy? — Wellnessread,2025-07-30T13:37:54.000Z,9,1,typed
https://www.redbox.example/r/sourdough/comments/def/proofing,Cold proofing question — r/sourdough — Redbox,2025-07-31T12:15:57.000Z,3,0,link
https://www.tunestream.example/album/def,Forgotten records of 1979 — Tunestream,2025-07-31T20:02:18.000Z,4,0,link
https://www.mapsguide.example/maps/place/Cove+Point,Cove Point — Mapsguide,2025-07-31T21:46:08.000Z,4,0,link
https://www.quokka.example/questions/91011/svg-text-rendering,SVG text rendering off by 1px — Quokka Answers,2025-07-31T21:55:10.000Z,5,0,link
https://www.tunestream.example/playlist/abc,Late shift — Playlist — Tunestream,2025-08-01T19:33:52.000Z,4,0,link
https://www.worknet.example/feed/,Feed — Worknet,2025-08-01T20:08:14.000Z,5,1,link
https://www.glidedeploy.example/datapack/datapack-anything/deployments,Deployments · datapack-anything — Glidedeploy,2025-08-03T12:05:58.000Z,14,2,link
https://www.tracklane.example/datapack/inbox,Inbox — Tracklane,2025-08-03T22:24:00.000Z,10,8,typed
https://www.pixelboard.example/file/abc/Onboarding-flow,Onboarding flow — Pixelboard,2025-08-04T17:37:33.000Z,8,4,typed
https://www.tracklane.example/datapack/inbox,Inbox — Tracklane,2025-08-05T14:39:00.000Z,10,8,typed
https://www.dailyledger.example/section/world,World — Daily Ledger,2025-08-05T17:47:16.000Z,2,0,link
https://www.glidedeploy.example/datapack/datapack-anything-preview,datapack-anything preview — Glidedeploy,2025-08-06T09:18:39.000Z,5,1,link
https://www.glidedeploy.example/datapack/datapack-anything/deployments,Deployments · datapack-anything — Glidedeploy,2025-08-06T14:11:00.000Z,14,2,link
https://www.taxportal.example/forms-pubs,Forms and Publications — Taxportal,2025-08-06T18:00:19.000Z,10,2,typed
https://www.craftshop.example/listing/abc/handmade-bowl,Handmade ceramic bowl — Craftshop,2025-08-08T13:01:25.000Z,8,1,typed
https://www.pkgsmith.example/package/typesafe-lang,typesafe-lang — Pkgsmith,2025-08-11T14:32:47.000Z,10,1,link
https://quietfind.example/search?q=decode+webkit+epoch+microseconds,decode webkit epoch microseconds — Quietfind,2025-08-13T21:40:17.000Z,14,4,link
https://www.devhub.example/datapack-org/datapack-anything/pull/142,Add browser-history support · Pull Request #142 — Devhub,2025-08-14T20:27:00.000Z,7,0,link
https://www.pixelboard.example/file/abc/Onboarding-flow,Onboarding flow — Pixelboard,2025-08-14T21:21:31.000Z,8,4,typed
https://www.findr.example/search?q=postgres+covering+index+size&hl=en,postgres covering index size — Findr Search,2025-08-15T10:52:41.000Z,5,4,link
https://www.glidedeploy.example/datapack/datapack-anything/deployments,Deployments · datapack-anything — Glidedeploy,2025-08-16T09:29:30.000Z,14,2,typed
https://www.outdoorco.example/product/123/headlamp,Lightweight headlamp — Outdoorco,2025-08-16T21:19:08.000Z,15,4,link
https://www.glidedeploy.example/datapack/datapack-anything/deployments,Deployments · datapack-anything — Glidedeploy,2025-08-16T22:24:00.000Z,14,2,link
https://www.investview.example/research/news,Market news — Investview,2025-08-18T12:24:00.000Z,3,0,link
https://www.pixelboard.example/file/def/Brand-tokens,Brand tokens — Pixelboard,2025-08-19T13:05:28.000Z,4,1,auto
https://www.friendlybank.example/banking/checking,Checking account — Friendlybank,2025-08-19T17:58:49.000Z,5,0,link
https://www.huddle.example/client/T0/C2,#engineering — Acme Workspace — Huddle,2025-08-20T15:04:27.000Z,8,1,link
https://www.openpedia.example/wiki/Bronze_orrery_devices,Bronze orrery devices — Openpedia,2025-08-20T16:06:21.000Z,5,3,typed
https://www.buildbits.example/posts/svg-text-baseline-tricks,SVG text-baseline tricks — Buildbits,2025-08-20T20:01:33.000Z,12,1,link
https://www.streamtube.example/watch?v=fakeid002,"Beans and rice, but on purpose — Spice Drawer — Streamtube",2025-08-20T21:29:08.000Z,3,0,link
https://www.pressglobe.example/,Pressglobe,2025-08-21T07:32:11.000Z,8,3,link
https://www.tracklane.example/datapack/issue/DPA-109,DPA-109 — Browser history use case — Tracklane,2025-08-21T13:04:21.000Z,5,1,link
https://www.quokka.example/questions/45678/conditional-types,Conditional type unions in a typed language — Quokka Answers,2025-08-21T21:39:55.000Z,4,1,typed
https://www.pixelboard.example/file/def/Brand-tokens,Brand tokens — Pixelboard,2025-08-22T10:07:36.000Z,4,1,typed
https://www.huddle.example/client/T0/C2,#engineering — Acme Workspace — Huddle,2025-08-22T13:30:51.000Z,8,1,link
https://www.manualbase.example/projects/sql-toolkit/en/latest/,SQL Toolkit documentation — Manualbase,2025-08-23T13:26:09.000Z,8,3,link
https://www.findr.example/search?q=decode+webkit+epoch+microseconds&hl=en,decode webkit epoch microseconds — Findr Search,2025-08-23T13:39:00.000Z,4,3,typed
https://searchgo.example/?q=css+grid+template-areas+examples&t=h_,css grid template-areas examples — Searchgo,2025-08-23T14:13:24.000Z,5,2,typed
https://searchgo.example/?q=postgres+covering+index+size&t=h_,postgres covering index size — Searchgo,2025-08-24T15:09:25.000Z,6,1,typed
https://www.bookstay.example/s/Pinegrove/homes,Pinegrove — Bookstay,2025-08-24T21:09:17.000Z,8,2,link
https://www.pixelboard.example/file/abc/Onboarding-flow,Onboarding flow — Pixelboard,2025-08-25T14:34:18.000Z,8,4,link
https://www.findr.example/search?q=postgres+covering+index+size&hl=en,postgres covering index size — Findr Search,2025-08-26T16:31:00.000Z,5,4,typed
https://www.findr.example/search?q=sourdough+proof+temperature&hl=en,sourdough proof temperature — Findr Search,2025-08-26T22:59:10.000Z,2,2,typed
https://www.microblog.example/home,Home — Microblog,2025-08-29T11:11:56.000Z,5,0,auto
https://www.hackerwire.example/,Hackerwire,2025-08-29T22:00:11.000Z,3,0,link
https://www.tunestream.example/album/def,Forgotten records of 1979 — Tunestream,2025-08-30T15:01:06.000Z,4,0,link
https://www.pressglobe.example/,Pressglobe,2025-08-30T17:20:53.000Z,8,3,link
https://www.pagebook.example/Q3-launch-plan-abc,Q3 launch plan — Pagebook,2025-08-31T12:17:00.000Z,14,10,typed
https://www.friendlybank.example/banking/checking,Checking account — Friendlybank,2025-09-01T13:50:08.000Z,5,0,link
https://www.wellnessread.example/nutrition/sourdough-bread,Is sourdough bread healthy? — Wellnessread,2025-09-01T14:03:19.000Z,9,1,link
https://www.dailyledger.example/section/technology,Technology — Daily Ledger,2025-09-02T07:09:48.000Z,8,1,link
https://www.tracklane.example/datapack/inbox,Inbox — Tracklane,2025-09-02T09:29:36.000Z,10,8,link
https://www.findr.example/search?q=sourdough+proof+temperature&hl=en,sourdough proof temperature — Findr Search,2025-09-02T10:01:00.000Z,2,2,typed
https://www.quokka.example/questions/45678/conditional-types,Conditional type unions in a typed language — Quokka Answers,2025-09-02T10:07:00.000Z,4,1,link
https://www.webcodex.example/docs/Web/CSS/grid-template-areas,grid-template-areas — CSS reference — WebCodex,2025-09-02T10:13:00.000Z,6,0,link
https://www.findr.example/search?q=narrow+type+from+string+literal&hl=en,narrow type from string literal — Findr Search,2025-09-02T10:17:00.000Z,4,0,link
https://www.devhub.example/datapack-org/datapack-anything/blob/main/SKILL.md,datapack-anything/SKILL.md at main — Devhub,2025-09-02T10:20:00.000Z,5,0,auto
https://www.quokka.example/questions/22334/regex-multiline,Regex multiline matching — Quokka Answers,2025-09-02T10:26:00.000Z,3,0,link
https://www.pkgsmith.example/package/zoneparse,zoneparse — Pkgsmith,2025-09-02T10:31:00.000Z,9,0,link
https://www.devhub.example/orgs/datapack-org/repositories,Repositories · datapack-org — Devhub,2025-09-02T10:35:00.000Z,2,0,auto
https://www.webcodex.example/docs/Web/CSS/grid-template-areas,grid-template-areas — CSS reference — WebCodex,2025-09-02T10:42:00.000Z,6,0,link
https://www.devhub.example/datapack-org/datapack-anything/issues,Issues · datapack-org/datapack-anything — Devhub,2025-09-02T20:00:12.000Z,3,0,link
https://www.huddle.example/client/T0/C2,#engineering — Acme Workspace — Huddle,2025-09-04T11:45:26.000Z,8,1,auto
https://www.caremap.example/visits,Upcoming visits — Caremap,2025-09-04T14:22:33.000Z,8,0,link
https://www.investview.example/accounts/portfolio,Portfolio summary — Investview,2025-09-04T19:38:00.000Z,7,0,link
https://www.redbox.example/r/woodworking,/r/woodworking — Redbox,2025-09-05T12:39:52.000Z,3,1,typed
https://www.bigmart.example/best-sellers,Best Sellers — Bigmart,2025-09-05T22:09:15.000Z,2,1,typed
https://www.bookstay.example/s/Pinegrove/homes,Pinegrove — Bookstay,2025-09-06T12:15:50.000Z,8,2,link
https://www.pressglobe.example/,Pressglobe,2025-09-06T18:39:18.000Z,8,3,link
https://www.buildbits.example/posts/svg-text-baseline-tricks,SVG text-baseline tricks — Buildbits,2025-09-07T10:00:01.000Z,12,1,link
https://www.outdoorco.example/product/123/headlamp,Lightweight headlamp — Outdoorco,2025-09-07T13:27:53.000Z,15,4,link
https://www.bigmart.example/dp/B000FAKE03,Hand plane no.4 — restoration project — Bigmart,2025-09-07T14:40:32.000Z,2,1,typed
https://www.findr.example/search?q=narrow+type+from+string+literal&hl=en,narrow type from string literal — Findr Search,2025-09-08T16:04:56.000Z,4,0,auto
https://www.investview.example/accounts/portfolio,Portfolio summary — Investview,2025-09-08T19:21:00.000Z,7,0,link
https://www.huddle.example/client/T0/C2,#engineering — Acme Workspace — Huddle,2025-09-08T20:40:01.000Z,8,1,link
https://www.webcodex.example/docs/Web/JavaScript/Reference/Global_Objects/Intl,Intl — JavaScript reference — WebCodex,2025-09-08T20:48:17.000Z,7,1,typed
https://www.pagebook.example/Engineering-handbook-xyz,Engineering handbook — Pagebook,2025-09-08T22:19:14.000Z,4,0,link
https://www.pkgsmith.example/package/typesafe-lang,typesafe-lang — Pkgsmith,2025-09-08T22:45:54.000Z,10,1,link
https://www.taxportal.example/forms-pubs,Forms and Publications — Taxportal,2025-09-09T10:49:01.000Z,10,2,link
https://www.pkgsmith.example/package/typesafe-lang,typesafe-lang — Pkgsmith,2025-09-11T17:21:53.000Z,10,1,link
https://www.paywire.example/dashboard/payments,Payments — Paywire Dashboard,2025-09-11T18:05:54.000Z,8,2,link
https://www.worldwire.example/news,Worldwire News,2025-09-12T07:07:32.000Z,8,1,link
https://www.worldwire.example/news,Worldwire News,2025-09-12T08:22:40.000Z,8,1,link
https://www.devhub.example/datapack-org/datapack-anything/pull/142,Add browser-history support · Pull Request #142 — Devhub,2025-09-13T22:01:00.000Z,7,0,link
https://www.streamtube.example/results?search_query=fake-query,Search results — Streamtube,2025-09-14T00:03:00.000Z,2,1,typed
https://www.streamtube.example/watch?v=fakeid003,Restoring a 1940s woodworking plane — Brick and Mortar — Streamtube,2025-09-14T00:14:00.000Z,5,0,link
https://www.streamtube.example/watch?v=fakeid001,How a B-tree pages to disk — Mongoose Garage — Streamtube,2025-09-14T00:18:00.000Z,7,0,link
https://www.streamtube.example/watch?v=fakeid003,Restoring a 1940s woodworking plane — Brick and Mortar — Streamtube,2025-09-14T00:23:00.000Z,5,0,link
https://www.streamtube.example/results?search_query=fake-query,Search results — Streamtube,2025-09-14T00:29:00.000Z,2,1,link
https://www.streamtube.example/watch?v=fakeid001,How a B-tree pages to disk — Mongoose Garage — Streamtube,2025-09-14T00:33:00.000Z,7,0,link
https://www.streamtube.example/feed/subscriptions,Subscriptions — Streamtube,2025-09-14T00:40:00.000Z,1,0,auto
https://www.streamtube.example/watch?v=fakeid001,How a B-tree pages to disk — Mongoose Garage — Streamtube,2025-09-14T00:49:00.000Z,7,0,auto
https://www.streamtube.example/watch?v=fakeid004,1 hour of soft piano for the late shift — Lofi Buoy — Streamtube,2025-09-14T00:57:00.000Z,4,0,link
https://www.streamtube.example/watch?v=fakeid003,Restoring a 1940s woodworking plane — Brick and Mortar — Streamtube,2025-09-14T01:08:00.000Z,5,0,link
https://www.streamtube.example/watch?v=fakeid004,1 hour of soft piano for the late shift — Lofi Buoy — Streamtube,2025-09-14T01:12:00.000Z,4,0,link
https://www.streamtube.example/watch?v=fakeid004,1 hour of soft piano for the late shift — Lofi Buoy — Streamtube,2025-09-14T01:16:00.000Z,4,0,link
https://www.streamtube.example/watch?v=fakeid002,"Beans and rice, but on purpose — Spice Drawer — Streamtube",2025-09-14T01:23:00.000Z,3,0,link
https://www.streamtube.example/watch?v=fakeid001,How a B-tree pages to disk — Mongoose Garage — Streamtube,2025-09-14T01:33:00.000Z,7,0,link
https://quietfind.example/search?q=decode+webkit+epoch+microseconds,decode webkit epoch microseconds — Quietfind,2025-09-14T12:46:02.000Z,14,4,link
https://www.findr.example/search?q=best+portable+espresso+maker&hl=en,best portable espresso maker — Findr Search,2025-09-15T20:54:00.000Z,4,3,typed
https://www.findr.example/search?q=postgres+covering+index+size&hl=en,postgres covering index size — Findr Search,2025-09-17T11:06:00.000Z,5,4,typed
https://www.glidedeploy.example/datapack/datapack-anything/deployments,Deployments · datapack-anything — Glidedeploy,2025-09-17T15:30:00.000Z,14,2,link
https://www.investview.example/accounts/portfolio,Portfolio summary — Investview,2025-09-18T10:40:00.000Z,7,0,link
https://www.glidedeploy.example/datapack/datapack-anything/deployments,Deployments · datapack-anything — Glidedeploy,2025-09-18T12:38:00.000Z,14,2,link
https://quietfind.example/search?q=decode+webkit+epoch+microseconds,decode webkit epoch microseconds — Quietfind,2025-09-18T20:32:46.000Z,14,4,typed
https://www.friendlybank.example/banking/checking,Checking account — Friendlybank,2025-09-18T22:03:29.000Z,5,0,link
https://www.pagebook.example/Q3-launch-plan-abc,Q3 launch plan — Pagebook,2025-09-19T15:20:38.000Z,14,10,link
https://www.pixelboard.example/file/abc/Onboarding-flow,Onboarding flow — Pixelboard,2025-09-19T21:16:17.000Z,8,4,link
https://www.glidedeploy.example/datapack/datapack-anything/deployments,Deployments · datapack-anything — Glidedeploy,2025-09-22T09:22:39.000Z,14,2,auto
https://www.craftshop.example/listing/abc/handmade-bowl,Handmade ceramic bowl — Craftshop,2025-09-22T21:09:46.000Z,8,1,auto
https://www.worldwire.example/news,Worldwire News,2025-09-24T07:24:01.000Z,8,1,link
https://www.friendlybank.example/banking/checking,Checking account — Friendlybank,2025-09-24T14:32:52.000Z,5,0,link
https://www.quokka.example/questions/91011/svg-text-rendering,SVG text rendering off by 1px — Quokka Answers,2025-09-25T16:42:37.000Z,5,0,link
https://www.redbox.example/r/programming,/r/programming — Redbox,2025-09-26T13:23:33.000Z,4,0,auto
https://www.manualbase.example/projects/sql-toolkit/en/latest/,SQL Toolkit documentation — Manualbase,2025-09-26T21:56:44.000Z,8,3,link
https://www.bookstay.example/s/Pinegrove/homes,Pinegrove — Bookstay,2025-09-28T13:49:50.000Z,8,2,link
https://www.pkgsmith.example/package/zoneparse,zoneparse — Pkgsmith,2025-09-28T15:36:05.000Z,9,0,link
https://www.hackerwire.example/,Hackerwire,2025-09-29T13:42:28.000Z,3,0,link
https://www.devhub.example/datapack-org/datapack-anything,datapack-anything · datapack-org — Devhub,2025-09-29T17:19:56.000Z,4,0,link
https://www.tracklane.example/datapack/issue/DPA-109,DPA-109 — Browser history use case — Tracklane,2025-09-30T09:40:14.000Z,5,1,auto
https://www.quokka.example/questions/91011/svg-text-rendering,SVG text rendering off by 1px — Quokka Answers,2025-09-30T11:02:56.000Z,5,0,link
https://www.caremap.example/visits,Upcoming visits — Caremap,2025-10-01T12:14:38.000Z,8,0,auto
https://www.pkgsmith.example/package/zoneparse,zoneparse — Pkgsmith,2025-10-02T12:48:31.000Z,9,0,link
https://www.pressglobe.example/,Pressglobe,2025-10-02T17:21:41.000Z,8,3,link
https://www.pixelboard.example/file/abc/Onboarding-flow,Onboarding flow — Pixelboard,2025-10-02T20:46:40.000Z,8,4,auto
https://www.webcodex.example/docs/Web/JavaScript/Reference/Global_Objects/Intl,Intl — JavaScript reference — WebCodex,2025-10-02T22:15:40.000Z,7,1,link
https://www.tracklane.example/datapack/issue/DPA-109,DPA-109 — Browser history use case — Tracklane,2025-10-03T20:24:19.000Z,5,1,link
https://www.openpedia.example/wiki/Pinegrove_cove,Pinegrove cove — Openpedia,2025-10-04T22:39:09.000Z,3,1,link
https://www.dailyledger.example/section/technology,Technology — Daily Ledger,2025-10-05T07:56:39.000Z,8,1,typed
https://www.pagebook.example/Q3-launch-plan-abc,Q3 launch plan — Pagebook,2025-10-05T14:24:00.000Z,14,10,typed
https://quietfind.example/search?q=decode+webkit+epoch+microseconds,decode webkit epoch microseconds — Quietfind,2025-10-05T16:07:00.000Z,14,4,typed
https://www.quokka.example/questions/91011/svg-text-rendering,SVG text rendering off by 1px — Quokka Answers,2025-10-05T16:12:00.000Z,5,0,link
https://www.webcodex.example/docs/Web/API/URL,URL — Web APIs — WebCodex,2025-10-05T16:19:00.000Z,4,1,link
https://quietfind.example/search?q=decode+webkit+epoch+microseconds,decode webkit epoch microseconds — Quietfind,2025-10-05T16:21:00.000Z,14,4,link
https://www.devhub.example/orgs/datapack-org/repositories,Repositories · datapack-org — Devhub,2025-10-05T16:23:00.000Z,2,0,link
https://www.quokka.example/questions/12345/postgres-covering-index,Postgres covering index — best practice — Quokka Answers,2025-10-05T16:32:00.000Z,7,0,auto
https://www.pkgsmith.example/package/typesafe-lang,typesafe-lang — Pkgsmith,2025-10-05T16:39:00.000Z,10,1,link
https://www.devhub.example/datapack-org/datapack-anything/blob/main/SKILL.md,datapack-anything/SKILL.md at main — Devhub,2025-10-05T16:42:00.000Z,5,0,link
https://www.webcodex.example/docs/Web/JavaScript/Reference/Global_Objects/Intl,Intl — JavaScript reference — WebCodex,2025-10-05T16:48:00.000Z,7,1,link
https://searchgo.example/?q=postgres+covering+index+size&t=h_,postgres covering index size — Searchgo,2025-10-07T10:51:09.000Z,6,1,link
https://www.taxportal.example/forms-pubs,Forms and Publications — Taxportal,2025-10-09T10:58:58.000Z,10,2,auto
https://www.pagebook.example/Q3-launch-plan-abc,Q3 launch plan — Pagebook,2025-10-09T12:15:42.000Z,14,10,typed
https://www.buildbits.example/posts/svg-text-baseline-tricks,SVG text-baseline tricks — Buildbits,2025-10-09T13:16:25.000Z,12,1,link
https://www.tunestream.example/playlist/abc,Late shift — Playlist — Tunestream,2025-10-09T18:13:50.000Z,4,0,link
https://www.glidedeploy.example/datapack/datapack-anything/deployments,Deployments · datapack-anything — Glidedeploy,2025-10-09T21:29:36.000Z,14,2,link
https://www.livecast.example/directory/category/software-and-game-development,Software and Game Development streams — Livecast,2025-10-09T21:53:23.000Z,5,0,link
https://www.dailyledger.example/section/world,World — Daily Ledger,2025-10-10T08:17:38.000Z,2,0,link
https://www.outdoorco.example/product/123/headlamp,Lightweight headlamp — Outdoorco,2025-10-10T12:55:27.000Z,15,4,link
https://www.livecast.example/directory/category/software-and-game-development,Software and Game Development streams — Livecast,2025-10-10T16:55:56.000Z,5,0,link
https://www.huddle.example/client/T0/C2,#engineering — Acme Workspace — Huddle,2025-10-11T13:01:35.000Z,8,1,link
https://www.pagebook.example/Q3-launch-plan-abc,Q3 launch plan — Pagebook,2025-10-12T13:14:00.000Z,14,10,typed
https://www.tunestream.example/playlist/abc,Late shift — Playlist — Tunestream,2025-10-12T22:12:54.000Z,4,0,link
https://www.outdoorco.example/product/123/headlamp,Lightweight headlamp — Outdoorco,2025-10-12T22:47:41.000Z,15,4,link
https://www.quokka.example/questions/91011/svg-text-rendering,SVG text rendering off by 1px — Quokka Answers,2025-10-12T22:50:52.000Z,5,0,link
