"WatchedAt","ChannelLogin","ContentTitle","ContentCategory","Duration"
"2023-01-07T08:54:54Z","jankos","Faker is back","League of Legends","11789"
"2023-01-11T05:00:44Z","ssumday","Worlds 2024 watchparty","League of Legends","2918"
"2023-01-12T08:47:26Z","tarik","ranked grind to immortal","Valorant","4328"
"2023-01-12T21:34:17Z","hasanabi","what happened on twitter today","Just Chatting","5697"
"2023-01-13T06:54:34Z","caedrel","tier list 14.18","League of Legends","5191"
"2023-01-14T22:55:55Z","theprimeagen","building a tiny lisp from scratch","Software & Game Development","2247"
"2023-01-15T07:30:33Z","shannonzkiller","aim training routine","Valorant","11827"
"2023-01-17T03:53:26Z","sykkuno","subathon hour 12","Just Chatting","10959"
"2023-01-21T02:55:16Z","northernlion","cooking but I cant cook","Just Chatting","10007"
"2023-01-22T08:53:35Z","sykkuno","subathon hour 12","Just Chatting","4568"
"2023-01-23T07:01:24Z","shannonzkiller","ranked grind to immortal","Valorant","1992"
"2023-01-26T19:50:15Z","hasanabi","subathon hour 12","Just Chatting","5926"
"2023-01-27T04:57:54Z","theprimeagen","why i ditched my ide","Software & Game Development","8028"
"2023-01-28T02:26:14Z","caedrel","tier list 14.18","League of Legends","2055"
"2023-01-30T05:34:18Z","tarik","VCT Lock//In recap","Valorant","3385"
"2023-01-30T06:53:01Z","tarik","customs with viewers","Valorant","11038"
"2023-02-04T07:11:37Z","jankos","Faker is back","League of Legends","8084"
"2023-02-09T22:28:08Z","theprimeagen","building a tiny lisp from scratch","Software & Game Development","3942"
"2023-02-14T08:07:01Z","theprimeagen","async rust deep dive","Software & Game Development","4131"
"2023-02-16T23:21:04Z","hasanabi","reacting to vlogs","Just Chatting","6146"
"2023-02-19T05:12:34Z","shannonzkiller","VCT Lock//In recap","Valorant","7489"
"2023-02-21T07:02:08Z","theprimeagen","why i ditched my ide","Software & Game Development","7109"
"2023-02-21T23:17:24Z","sykkuno","reading subreddit drama","Just Chatting","2717"
"2023-02-23T05:04:08Z","hasanabi","subathon hour 12","Just Chatting","8414"
"2023-02-26T18:53:45Z","hasanabi","subathon hour 12","Just Chatting","3056"
"2023-02-28T18:36:56Z","jankos","ranked grind midlane","League of Legends","4876"
"2023-03-01T06:49:28Z","hasanabi","reacting to vlogs","Just Chatting","6251"
"2023-03-02T22:51:14Z","sykkuno","cooking but I cant cook","Just Chatting","2793"
"2023-03-03T19:10:09Z","hasanabi","cooking but I cant cook","Just Chatting","12888"
"2023-03-07T01:04:35Z","shannonzkiller","VCT Lock//In recap","Valorant","9879"
"2023-03-11T20:19:50Z","caedrel","tier list 14.18","League of Legends","8582"
"2023-03-15T06:36:50Z","theprimeagen","building a tiny lisp from scratch","Software & Game Development","2492"
"2023-03-16T19:47:20Z","ssumday","ranked grind midlane","League of Legends","2995"
"2023-03-20T21:24:45Z","caedrel","Worlds 2024 watchparty","League of Legends","2535"
"2023-03-20T23:21:50Z","ssumday","draft chaos with chat","League of Legends","10874"
"2023-03-22T19:17:47Z","ssumday","tier list 14.18","League of Legends","9601"
"2023-03-22T20:07:19Z","northernlion","cooking but I cant cook","Just Chatting","5737"
"2023-03-27T20:42:16Z","hasanabi","cooking but I cant cook","Just Chatting","3841"
"2023-03-30T03:55:49Z","shannonzkiller","aim training routine","Valorant","2696"
"2023-03-31T03:05:12Z","sykkuno","cooking but I cant cook","Just Chatting","2862"
"2023-04-01T20:28:01Z","northernlion","what happened on twitter today","Just Chatting","9942"
"2023-04-02T01:58:29Z","theprimeagen","why i ditched my ide","Software & Game Development","6389"
"2023-04-08T08:43:51Z","caedrel","tier list 14.18","League of Legends","2889"
"2023-04-11T03:19:22Z","theprimeagen","rust workshop part 3","Software & Game Development","1915"
"2023-04-16T20:47:41Z","northernlion","subathon hour 12","Just Chatting","2881"
"2023-04-17T01:11:39Z","theprimeagen","vim config rebuild","Software & Game Development","9737"
"2023-04-19T22:14:43Z","ssumday","Worlds 2024 watchparty","League of Legends","13180"
"2023-04-20T06:50:36Z","tarik","customs with viewers","Valorant","7164"
"2023-04-25T19:19:57Z","theprimeagen","rust workshop part 3","Software & Game Development","12883"
"2023-04-29T03:57:21Z","jankos","Worlds 2024 watchparty","League of Legends","4130"
"2023-04-30T02:08:58Z","caedrel","tier list 14.18","League of Legends","2277"
"2023-05-01T08:56:06Z","shannonzkiller","aim training routine","Valorant","8865"
"2023-05-01T19:02:24Z","tarik","aim training routine","Valorant","3601"
"2023-05-02T18:34:55Z","hasanabi","cooking but I cant cook","Just Chatting","1931"
"2023-05-03T01:29:15Z","tarik","customs with viewers","Valorant","2265"
"2023-05-03T23:16:11Z","theprimeagen","why i ditched my ide","Software & Game Development","4620"
"2023-05-04T07:48:53Z","shannonzkiller","customs with viewers","Valorant","6972"
"2023-05-06T22:20:27Z","northernlion","cooking but I cant cook","Just Chatting","3143"
"2023-05-08T22:52:13Z","ssumday","draft chaos with chat","League of Legends","2049"
"2023-05-09T21:03:50Z","theprimeagen","async rust deep dive","Software & Game Development","3537"
"2023-05-11T01:13:40Z","theprimeagen","async rust deep dive","Software & Game Development","9694"
"2023-05-12T03:22:54Z","hasanabi","what happened on twitter today","Just Chatting","5142"
"2023-05-13T02:40:22Z","ssumday","draft chaos with chat","League of Legends","7156"
"2023-05-15T21:19:41Z","shannonzkiller","aim training routine","Valorant","3091"
"2023-05-17T06:59:27Z","jankos","Faker is back","League of Legends","7825"
"2023-05-20T02:10:20Z","tarik","aim training routine","Valorant","7689"
"2023-05-23T18:48:28Z","shannonzkiller","ranked grind to immortal","Valorant","3759"
"2023-05-26T03:00:00Z","theprimeagen","rust workshop part 3","Software & Game Development","5938"
"2023-05-29T05:57:34Z","caedrel","tier list 14.18","League of Legends","6026"
"2023-06-03T07:46:08Z","ssumday","ranked grind midlane","League of Legends","4879"
"2023-06-04T05:27:11Z","caedrel","LCK Spring 2024 GRAND FINAL coverage","League of Legends","3062"
"2023-06-06T02:38:00Z","hasanabi","subathon hour 12","Just Chatting","5375"
"2023-06-07T02:53:09Z","northernlion","reading subreddit drama","Just Chatting","8963"
"2023-06-07T21:23:39Z","theprimeagen","vim config rebuild","Software & Game Development","6507"
"2023-06-08T01:00:48Z","tarik","kayo lineups masterclass","Valorant","2084"
"2023-06-09T01:40:40Z","jankos","Worlds 2024 watchparty","League of Legends","3040"
"2023-06-09T05:22:33Z","ssumday","Worlds 2024 watchparty","League of Legends","2218"
"2023-06-09T07:34:21Z","ssumday","Faker is back","League of Legends","10201"
"2023-06-09T22:33:02Z","ssumday","ranked grind midlane","League of Legends","3337"
"2023-06-12T05:33:35Z","tarik","kayo lineups masterclass","Valorant","9198"
"2023-06-13T04:26:47Z","tarik","ranked grind to immortal","Valorant","1954"
"2023-06-16T07:01:50Z","sykkuno","what happened on twitter today","Just Chatting","5308"
"2023-06-17T04:07:41Z","jankos","review of yesterday's games","League of Legends","8077"
"2023-06-17T07:14:01Z","sykkuno","subathon hour 12","Just Chatting","5989"
"2023-06-18T21:55:57Z","shannonzkiller","ranked grind to immortal","Valorant","3650"
"2023-06-19T08:06:11Z","theprimeagen","async rust deep dive","Software & Game Development","5525"
"2023-06-22T19:42:50Z","northernlion","subathon hour 12","Just Chatting","4174"
"2023-06-24T06:39:22Z","northernlion","reacting to vlogs","Just Chatting","3323"
"2023-06-24T20:44:52Z","sykkuno","what happened on twitter today","Just Chatting","8345"
"2023-06-25T18:52:17Z","theprimeagen","why i ditched my ide","Software & Game Development","6766"
"2023-06-27T01:59:31Z","jankos","SoloQ to Master","League of Legends","8144"
"2023-06-27T22:40:24Z","theprimeagen","vim config rebuild","Software & Game Development","3168"
"2023-06-28T04:19:48Z","hasanabi","subathon hour 12","Just Chatting","4165"
"2023-06-29T01:39:13Z","hasanabi","cooking but I cant cook","Just Chatting","3487"
"2023-07-04T08:55:53Z","jankos","draft chaos with chat","League of Legends","10832"
"2023-07-05T01:18:42Z","jankos","draft chaos with chat","League of Legends","2737"
"2023-07-06T03:02:53Z","theprimeagen","vim config rebuild","Software & Game Development","2383"
"2023-07-06T04:22:59Z","tarik","VCT Lock//In recap","Valorant","6470"
"2023-07-11T03:54:32Z","sykkuno","what happened on twitter today","Just Chatting","3966"
"2023-07-12T01:57:53Z","shannonzkiller","aim training routine","Valorant","8455"
"2023-07-17T05:33:56Z","caedrel","tier list 14.18","League of Legends","10135"
"2023-07-18T03:25:11Z","theprimeagen","rust workshop part 3","Software & Game Development","3631"
"2023-07-21T23:11:57Z","ssumday","ranked grind midlane","League of Legends","4128"
"2023-07-22T08:25:59Z","theprimeagen","why i ditched my ide","Software & Game Development","6183"
"2023-07-24T19:29:48Z","tarik","kayo lineups masterclass","Valorant","2311"
"2023-07-26T06:50:23Z","sykkuno","reacting to vlogs","Just Chatting","9762"
"2023-07-28T01:26:34Z","hasanabi","subathon hour 12","Just Chatting","4642"
"2023-07-28T05:57:04Z","theprimeagen","building a tiny lisp from scratch","Software & Game Development","8402"
"2023-08-01T23:25:46Z","caedrel","Worlds 2024 watchparty","League of Legends","3112"
"2023-08-02T18:29:55Z","theprimeagen","vim config rebuild","Software & Game Development","10410"
"2023-08-08T18:32:42Z","caedrel","Worlds 2024 watchparty","League of Legends","4266"
"2023-08-11T04:09:45Z","jankos","draft chaos with chat","League of Legends","2080"
"2023-08-11T07:42:14Z","jankos","Faker is back","League of Legends","3806"
"2023-08-13T23:59:56Z","ssumday","SoloQ to Master","League of Legends","3764"
"2023-08-15T08:45:31Z","northernlion","reacting to vlogs","Just Chatting","1925"
"2023-08-23T20:34:01Z","sykkuno","reading subreddit drama","Just Chatting","12956"
"2023-08-23T21:05:56Z","jankos","Worlds 2024 watchparty","League of Legends","2546"
"2023-08-24T04:49:02Z","tarik","customs with viewers","Valorant","5597"
"2023-08-24T06:07:33Z","northernlion","cooking but I cant cook","Just Chatting","2043"
"2023-08-24T07:00:35Z","tarik","kayo lineups masterclass","Valorant","7052"
"2023-08-25T06:23:39Z","northernlion","reading subreddit drama","Just Chatting","7090"
"2023-09-01T01:20:30Z","theprimeagen","async rust deep dive","Software & Game Development","9836"
"2023-09-02T18:08:13Z","shannonzkiller","aim training routine","Valorant","7164"
"2023-09-05T21:00:53Z","ssumday","SoloQ to Master","League of Legends","6614"
"2023-09-11T01:16:42Z","caedrel","review of yesterday's games","League of Legends","4464"
"2023-09-19T06:17:52Z","hasanabi","what happened on twitter today","Just Chatting","5169"
"2023-09-21T02:38:46Z","theprimeagen","why i ditched my ide","Software & Game Development","2706"
"2023-09-24T18:32:39Z","caedrel","LCK Spring 2024 GRAND FINAL coverage","League of Legends","8773"
"2023-09-27T21:27:24Z","theprimeagen","building a tiny lisp from scratch","Software & Game Development","2219"
"2023-09-29T08:48:29Z","theprimeagen","why i ditched my ide","Software & Game Development","3614"
"2023-09-30T19:21:30Z","ssumday","review of yesterday's games","League of Legends","11617"
"2023-10-01T01:57:46Z","shannonzkiller","ranked grind to immortal","Valorant","6373"
"2023-10-03T02:59:15Z","jankos","SoloQ to Master","League of Legends","10497"
"2023-10-03T19:21:20Z","caedrel","review of yesterday's games","League of Legends","2263"
"2023-10-06T03:21:57Z","northernlion","what happened on twitter today","Just Chatting","3754"
"2023-10-10T18:47:30Z","shannonzkiller","customs with viewers","Valorant","3574"
"2023-10-12T05:35:25Z","jankos","ranked grind midlane","League of Legends","2397"
"2023-10-13T08:04:16Z","tarik","ranked grind to immortal","Valorant","9425"
"2023-10-13T20:27:00Z","ssumday","review of yesterday's games","League of Legends","5846"
"2023-10-14T07:59:11Z","tarik","aim training routine","Valorant","9740"
"2023-10-29T22:36:02Z","sykkuno","reacting to vlogs","Just Chatting","6009"
"2023-10-30T04:18:47Z","caedrel","ranked grind midlane","League of Legends","7861"
"2023-11-07T05:24:34Z","sykkuno","what happened on twitter today","Just Chatting","2521"
"2023-11-13T06:33:34Z","theprimeagen","async rust deep dive","Software & Game Development","5290"
"2023-11-15T21:31:25Z","jankos","draft chaos with chat","League of Legends","4025"
"2023-11-16T03:23:41Z","shannonzkiller","VCT Lock//In recap","Valorant","4197"
"2023-11-17T03:35:46Z","tarik","ranked grind to immortal","Valorant","1844"
"2023-11-17T03:46:17Z","shannonzkiller","customs with viewers","Valorant","3775"
"2023-11-18T05:58:31Z","ssumday","Faker is back","League of Legends","2381"
"2023-11-18T22:40:59Z","caedrel","Faker is back","League of Legends","3807"
"2023-11-19T08:45:52Z","ssumday","tier list 14.18","League of Legends","3321"
"2023-11-19T23:17:13Z","northernlion","what happened on twitter today","Just Chatting","2877"
"2023-11-24T22:45:03Z","ssumday","Worlds 2024 watchparty","League of Legends","8236"
"2023-11-28T18:33:09Z","hasanabi","cooking but I cant cook","Just Chatting","11192"
"2023-12-05T21:04:02Z","jankos","SoloQ to Master","League of Legends","3494"
"2023-12-09T21:59:40Z","sykkuno","reading subreddit drama","Just Chatting","2849"
"2023-12-12T07:43:27Z","northernlion","what happened on twitter today","Just Chatting","1883"
"2023-12-16T06:57:00Z","hasanabi","cooking but I cant cook","Just Chatting","2561"
"2023-12-17T19:33:20Z","shannonzkiller","VCT Lock//In recap","Valorant","2008"
"2023-12-21T01:02:37Z","caedrel","tier list 14.18","League of Legends","2077"
"2023-12-28T05:12:07Z","northernlion","reading subreddit drama","Just Chatting","7951"
"2023-12-29T23:43:22Z","hasanabi","reacting to vlogs","Just Chatting","6117"
"2023-12-30T02:56:45Z","northernlion","subathon hour 12","Just Chatting","6815"
"2024-01-06T20:48:55Z","aspecticor","building a tiny lisp from scratch","Software & Game Development","6682"
"2024-01-10T03:30:08Z","emiru","subathon hour 12","Just Chatting","4135"
"2024-01-10T04:48:10Z","emiru","reacting to vlogs","Just Chatting","9585"
"2024-01-14T02:04:00Z","aspecticor","building a tiny lisp from scratch","Software & Game Development","11904"
"2024-01-14T02:23:28Z","sykkuno","what happened on twitter today","Just Chatting","2745"
"2024-01-16T19:31:04Z","hasanabi","subathon hour 12","Just Chatting","3201"
"2024-01-20T07:55:50Z","aspecticor","async rust deep dive","Software & Game Development","3051"
"2024-01-23T22:19:24Z","northernlion","reading subreddit drama","Just Chatting","10181"
"2024-01-26T04:51:00Z","theprimeagen","why i ditched my ide","Software & Game Development","3919"
"2024-01-26T07:39:37Z","sodapoppin","jackbox night","Variety","2357"
"2024-01-26T19:48:26Z","valkyrae","minecraft server tour","Variety","8486"
"2024-01-26T23:32:09Z","sodapoppin","jackbox night","Variety","1823"
"2024-01-27T22:38:50Z","ssumday","Worlds 2024 watchparty","League of Legends","2787"
"2024-02-03T01:15:32Z","caedrel","tier list 14.18","League of Legends","2301"
"2024-02-03T02:48:15Z","sodapoppin","minecraft server tour","Variety","2354"
"2024-02-05T06:48:09Z","ssumday","Faker is back","League of Legends","3277"
"2024-02-06T22:38:17Z","hasanabi","cooking but I cant cook","Just Chatting","9864"
"2024-02-07T18:30:54Z","ssumday","draft chaos with chat","League of Legends","1825"
"2024-02-09T06:10:44Z","melodicunivers","lofi piano improv","Music","2186"
"2024-02-10T07:48:53Z","melodicunivers","sunday acoustic chill","Music","1910"
"2024-02-12T06:41:57Z","emiru","subathon hour 12","Just Chatting","4004"
"2024-02-17T19:22:39Z","tarik","customs with viewers","Valorant","14472"
"2024-02-20T05:51:14Z","hasanabi","reacting to vlogs","Just Chatting","11088"
"2024-02-23T08:49:30Z","tarik","aim training routine","Valorant","3503"
"2024-02-24T07:26:53Z","aspecticor","async rust deep dive","Software & Game Development","6532"
"2024-03-01T05:23:15Z","hasanabi","reacting to vlogs","Just Chatting","12475"
"2024-03-01T19:09:13Z","aspecticor","vim config rebuild","Software & Game Development","11444"
"2024-03-02T23:07:05Z","northernlion","cooking but I cant cook","Just Chatting","2964"
"2024-03-04T19:47:33Z","valkyrae","escape simulator finale","Variety","2843"
"2024-03-05T06:19:00Z","theprimeagen","vim config rebuild","Software & Game Development","2696"
"2024-03-08T22:57:54Z","melodicunivers","sunday acoustic chill","Music","3411"
"2024-03-12T22:29:53Z","sykkuno","subathon hour 12","Just Chatting","2960"
"2024-03-14T01:13:14Z","ssumday","draft chaos with chat","League of Legends","3347"
"2024-03-17T08:26:38Z","caedrel","LCK Spring 2024 GRAND FINAL coverage","League of Legends","12065"
"2024-03-18T01:56:29Z","theprimeagen","building a tiny lisp from scratch","Software & Game Development","4512"
"2024-03-18T18:48:41Z","aspecticor","vim config rebuild","Software & Game Development","3526"
"2024-03-21T18:08:23Z","melodicunivers","new song writing session","Music","6725"
"2024-03-22T22:45:10Z","tarik","customs with viewers","Valorant","2608"
"2024-03-31T08:04:43Z","hasanabi","what happened on twitter today","Just Chatting","5587"
"2024-04-03T21:34:23Z","tarik","aim training routine","Valorant","11678"
"2024-04-10T22:12:05Z","hasanabi","reading subreddit drama","Just Chatting","7388"
"2024-04-12T18:37:34Z","aspecticor","async rust deep dive","Software & Game Development","2714"
"2024-04-13T04:45:42Z","aspecticor","vim config rebuild","Software & Game Development","4780"
"2024-04-14T22:36:08Z","emiru","what happened on twitter today","Just Chatting","3471"
"2024-04-16T18:38:24Z","melodicunivers","new song writing session","Music","1899"
"2024-04-17T21:04:12Z","melodicunivers","new song writing session","Music","3308"
"2024-04-19T05:02:47Z","hasanabi","cooking but I cant cook","Just Chatting","6765"
"2024-04-23T08:59:13Z","tarik","ranked grind to immortal","Valorant","7301"
"2024-04-24T05:07:57Z","emiru","reacting to vlogs","Just Chatting","3041"
"2024-04-29T04:25:57Z","sykkuno","reacting to vlogs","Just Chatting","4745"
"2024-05-03T21:47:58Z","aspecticor","why i ditched my ide","Software & Game Development","4257"
"2024-05-04T18:03:51Z","shannonzkiller","VCT Lock//In recap","Valorant","4175"
"2024-05-06T05:40:29Z","tarik","kayo lineups masterclass","Valorant","8631"
"2024-05-07T06:36:08Z","sykkuno","subathon hour 12","Just Chatting","2924"
"2024-05-12T07:46:07Z","theprimeagen","rust workshop part 3","Software & Game Development","3375"
"2024-05-14T19:13:35Z","emiru","reading subreddit drama","Just Chatting","3618"
"2024-05-18T22:46:14Z","caedrel","ranked grind midlane","League of Legends","5299"
"2024-05-19T18:52:33Z","tarik","customs with viewers","Valorant","3817"
"2024-05-20T19:50:41Z","caedrel","ranked grind midlane","League of Legends","5062"
"2024-05-24T03:16:43Z","sykkuno","what happened on twitter today","Just Chatting","1935"
"2024-05-26T07:02:24Z","aspecticor","async rust deep dive","Software & Game Development","3506"
"2024-05-27T04:09:58Z","theprimeagen","async rust deep dive","Software & Game Development","8081"
"2024-05-28T02:53:35Z","valkyrae","minecraft server tour","Variety","2019"
"2024-05-31T05:25:05Z","theprimeagen","building a tiny lisp from scratch","Software & Game Development","3671"
"2024-06-02T02:10:06Z","northernlion","reading subreddit drama","Just Chatting","10046"
"2024-06-05T23:24:37Z","sykkuno","subathon hour 12","Just Chatting","5785"
"2024-06-07T19:58:51Z","hasanabi","subathon hour 12","Just Chatting","2956"
"2024-06-07T20:07:27Z","tarik","ranked grind to immortal","Valorant","4167"
"2024-06-11T03:27:06Z","caedrel","SoloQ to Master","League of Legends","6305"
"2024-06-11T20:36:06Z","valkyrae","jackbox night","Variety","4392"
"2024-06-15T23:37:27Z","shannonzkiller","aim training routine","Valorant","2571"
"2024-06-19T08:50:02Z","ssumday","Worlds 2024 watchparty","League of Legends","2266"
"2024-06-25T23:35:22Z","emiru","reacting to vlogs","Just Chatting","2164"
"2024-06-29T22:11:48Z","tarik","ranked grind to immortal","Valorant","7355"
"2024-07-05T01:35:34Z","theprimeagen","async rust deep dive","Software & Game Development","2017"
"2024-07-05T07:14:30Z","shannonzkiller","kayo lineups masterclass","Valorant","1946"
"2024-07-05T23:46:49Z","sykkuno","cooking but I cant cook","Just Chatting","2426"
"2024-07-06T05:54:59Z","hasanabi","what happened on twitter today","Just Chatting","3193"
"2024-07-08T06:04:01Z","theprimeagen","why i ditched my ide","Software & Game Development","3786"
"2024-07-11T22:45:30Z","melodicunivers","lofi piano improv","Music","9705"
"2024-07-13T07:13:05Z","hasanabi","cooking but I cant cook","Just Chatting","4558"
"2024-07-13T18:01:41Z","emiru","cooking but I cant cook","Just Chatting","8682"
"2024-07-15T21:16:03Z","tarik","customs with viewers","Valorant","2362"
"2024-07-18T02:11:02Z","sykkuno","what happened on twitter today","Just Chatting","10572"
"2024-07-18T04:51:55Z","valkyrae","jackbox night","Variety","2101"
"2024-07-18T23:29:07Z","tarik","ranked grind to immortal","Valorant","1841"
"2024-07-20T18:44:00Z","melodicunivers","sunday acoustic chill","Music","4138"
"2024-07-21T04:43:13Z","sodapoppin","gartic phone with friends","Variety","2013"
"2024-07-21T05:46:33Z","sodapoppin","minecraft server tour","Variety","3514"
"2024-07-22T21:32:48Z","aspecticor","rust workshop part 3","Software & Game Development","2905"
"2024-07-30T03:36:00Z","emiru","subathon hour 12","Just Chatting","3866"
"2024-07-30T07:25:56Z","hasanabi","what happened on twitter today","Just Chatting","8689"
"2024-08-02T18:17:00Z","sodapoppin","escape simulator finale","Variety","8079"
"2024-08-03T01:45:45Z","northernlion","subathon hour 12","Just Chatting","15073"
"2024-08-04T23:01:51Z","emiru","cooking but I cant cook","Just Chatting","2672"
"2024-08-05T06:28:29Z","sykkuno","what happened on twitter today","Just Chatting","3837"
"2024-08-06T05:26:00Z","sykkuno","reacting to vlogs","Just Chatting","1927"
"2024-08-10T21:07:03Z","sykkuno","cooking but I cant cook","Just Chatting","13003"
"2024-08-18T22:52:31Z","tarik","aim training routine","Valorant","3731"
"2024-08-29T19:00:24Z","caedrel","Faker is back","League of Legends","2660"
"2024-08-30T04:45:38Z","emiru","reacting to vlogs","Just Chatting","2381"
"2024-08-30T21:03:42Z","northernlion","subathon hour 12","Just Chatting","1868"
"2024-09-02T23:42:06Z","caedrel","review of yesterday's games","League of Legends","3711"
"2024-09-03T05:06:26Z","emiru","what happened on twitter today","Just Chatting","5858"
"2024-09-03T18:52:29Z","aspecticor","why i ditched my ide","Software & Game Development","1811"
"2024-09-04T19:23:37Z","hasanabi","subathon hour 12","Just Chatting","3469"
"2024-09-05T01:24:47Z","hasanabi","subathon hour 12","Just Chatting","1828"
"2024-09-12T19:14:06Z","northernlion","reading subreddit drama","Just Chatting","8412"
"2024-09-17T19:41:13Z","hasanabi","cooking but I cant cook","Just Chatting","3159"
"2024-09-21T23:29:48Z","sodapoppin","escape simulator finale","Variety","2269"
"2024-09-23T01:57:57Z","melodicunivers","lofi piano improv","Music","14486"
"2024-09-24T23:20:08Z","shannonzkiller","ranked grind to immortal","Valorant","2214"
"2024-09-28T20:53:57Z","tarik","ranked grind to immortal","Valorant","6598"
"2024-09-29T19:04:49Z","melodicunivers","sunday acoustic chill","Music","2691"
"2024-09-30T03:11:36Z","tarik","kayo lineups masterclass","Valorant","6809"
"2024-10-01T23:37:39Z","northernlion","reading subreddit drama","Just Chatting","2196"
"2024-10-04T08:38:46Z","melodicunivers","new song writing session","Music","2469"
"2024-10-07T01:32:57Z","melodicunivers","lofi piano improv","Music","2073"
"2024-10-07T07:33:11Z","hasanabi","reacting to vlogs","Just Chatting","3812"
"2024-10-11T20:53:24Z","shannonzkiller","customs with viewers","Valorant","2627"
"2024-10-15T01:21:51Z","sykkuno","cooking but I cant cook","Just Chatting","5658"
"2024-10-15T20:57:41Z","hasanabi","cooking but I cant cook","Just Chatting","8461"
"2024-10-18T07:21:11Z","caedrel","LCK Spring 2024 GRAND FINAL coverage","League of Legends","5658"
"2024-10-18T08:49:57Z","valkyrae","jackbox night","Variety","4802"
"2024-10-18T22:57:14Z","valkyrae","jackbox night","Variety","2169"
"2024-10-19T21:31:18Z","tarik","ranked grind to immortal","Valorant","8158"
"2024-10-20T08:49:07Z","northernlion","reading subreddit drama","Just Chatting","1847"
"2024-10-22T18:15:32Z","valkyrae","gartic phone with friends","Variety","2283"
"2024-10-23T02:40:40Z","melodicunivers","lofi piano improv","Music","9228"
"2024-10-23T07:05:56Z","sodapoppin","jackbox night","Variety","6518"
"2024-10-25T02:33:14Z","sodapoppin","jackbox night","Variety","9023"
"2024-10-25T18:35:56Z","tarik","ranked grind to immortal","Valorant","4116"
"2024-11-03T20:35:57Z","theprimeagen","rust workshop part 3","Software & Game Development","7841"
"2024-11-05T23:44:28Z","shannonzkiller","aim training routine","Valorant","2867"
"2024-11-08T23:59:20Z","aspecticor","rust workshop part 3","Software & Game Development","8636"
"2024-11-09T06:15:13Z","caedrel","Faker is back","League of Legends","6502"
"2024-11-13T02:43:34Z","theprimeagen","building a tiny lisp from scratch","Software & Game Development","1903"
"2024-11-17T19:04:43Z","aspecticor","async rust deep dive","Software & Game Development","2656"
"2024-11-20T04:00:39Z","tarik","VCT Lock//In recap","Valorant","7066"
"2024-11-24T02:07:12Z","hasanabi","cooking but I cant cook","Just Chatting","6455"
"2024-11-24T06:28:47Z","melodicunivers","new song writing session","Music","7090"
"2024-11-24T07:43:11Z","valkyrae","jackbox night","Variety","2393"
"2024-11-26T03:00:25Z","tarik","VCT Lock//In recap","Valorant","2305"
"2024-11-29T18:31:53Z","sykkuno","cooking but I cant cook","Just Chatting","2262"
"2024-12-02T03:34:34Z","tarik","ranked grind to immortal","Valorant","5842"
"2024-12-03T21:24:08Z","tarik","customs with viewers","Valorant","11143"
"2024-12-04T07:39:57Z","emiru","what happened on twitter today","Just Chatting","1804"
"2024-12-10T06:50:23Z","valkyrae","jackbox night","Variety","8201"
"2024-12-12T21:22:56Z","emiru","cooking but I cant cook","Just Chatting","12835"
"2024-12-13T01:44:39Z","shannonzkiller","kayo lineups masterclass","Valorant","2673"
"2024-12-17T03:42:00Z","sodapoppin","minecraft server tour","Variety","3603"
"2024-12-19T07:13:28Z","melodicunivers","sunday acoustic chill","Music","2929"
"2024-12-20T05:59:54Z","hasanabi","what happened on twitter today","Just Chatting","3033"
"2024-12-20T07:19:54Z","valkyrae","minecraft server tour","Variety","2007"
"2024-12-21T01:07:55Z","hasanabi","cooking but I cant cook","Just Chatting","2523"
"2024-12-22T06:04:42Z","valkyrae","jackbox night","Variety","6405"
"2024-12-26T21:26:28Z","valkyrae","escape simulator finale","Variety","6850"
"2024-12-28T23:23:15Z","emiru","reading subreddit drama","Just Chatting","9723"
"2025-01-01T23:41:51Z","aspecticor","rust workshop part 3","Software & Game Development","9453"
"2025-01-02T22:07:16Z","northernlion","what happened on twitter today","Just Chatting","6819"
"2025-01-03T20:34:47Z","hasanabi","what happened on twitter today","Just Chatting","7875"
"2025-01-03T22:08:26Z","hasanabi","reading subreddit drama","Just Chatting","2174"
"2025-01-06T05:37:19Z","theprimeagen","rust workshop part 3","Software & Game Development","12038"
"2025-01-14T08:21:54Z","valkyrae","jackbox night","Variety","2274"
"2025-01-16T18:45:15Z","valkyrae","jackbox night","Variety","3666"
"2025-01-16T20:03:52Z","emiru","subathon hour 12","Just Chatting","3070"
"2025-01-18T03:10:04Z","caedrel","ranked grind midlane","League of Legends","2797"
"2025-01-18T18:28:00Z","hasanabi","subathon hour 12","Just Chatting","2261"
"2025-01-22T23:34:24Z","melodicunivers","lofi piano improv","Music","1822"
"2025-01-23T06:53:01Z","valkyrae","jackbox night","Variety","5025"
"2025-01-24T04:48:44Z","melodicunivers","lofi piano improv","Music","4391"
"2025-01-26T02:47:12Z","valkyrae","jackbox night","Variety","4349"
"2025-01-27T21:39:20Z","caedrel","review of yesterday's games","League of Legends","12188"
"2025-01-28T20:28:18Z","aspecticor","vim config rebuild","Software & Game Development","3456"
"2025-02-03T20:59:44Z","emiru","reading subreddit drama","Just Chatting","5258"
"2025-02-04T18:16:50Z","theprimeagen","vim config rebuild","Software & Game Development","4277"
"2025-02-05T19:55:41Z","hasanabi","subathon hour 12","Just Chatting","4842"
"2025-02-06T18:37:12Z","northernlion","reacting to vlogs","Just Chatting","1847"
"2025-02-09T07:13:52Z","valkyrae","gartic phone with friends","Variety","8364"
"2025-02-11T07:16:06Z","valkyrae","escape simulator finale","Variety","6074"
"2025-02-14T03:49:37Z","aspecticor","vim config rebuild","Software & Game Development","14483"
"2025-02-15T04:16:27Z","aspecticor","vim config rebuild","Software & Game Development","2422"
"2025-02-17T08:56:50Z","emiru","reading subreddit drama","Just Chatting","1936"
"2025-02-17T18:24:18Z","aspecticor","why i ditched my ide","Software & Game Development","1917"
"2025-02-17T19:16:13Z","aspecticor","why i ditched my ide","Software & Game Development","6219"
"2025-02-19T04:22:24Z","shannonzkiller","ranked grind to immortal","Valorant","7294"
"2025-02-19T19:15:57Z","theprimeagen","building a tiny lisp from scratch","Software & Game Development","2803"
"2025-02-24T20:47:06Z","shannonzkiller","VCT Lock//In recap","Valorant","4337"
"2025-02-28T02:42:12Z","aspecticor","async rust deep dive","Software & Game Development","4861"
"2025-03-01T05:06:35Z","caedrel","Faker is back","League of Legends","5841"
"2025-03-05T20:56:35Z","melodicunivers","new song writing session","Music","4684"
"2025-03-06T23:25:39Z","hasanabi","what happened on twitter today","Just Chatting","3513"
"2025-03-09T05:42:11Z","aspecticor","rust workshop part 3","Software & Game Development","12741"
"2025-03-12T04:53:04Z","melodicunivers","sunday acoustic chill","Music","7050"
"2025-03-12T21:28:39Z","theprimeagen","async rust deep dive","Software & Game Development","1836"
"2025-03-16T22:13:44Z","emiru","reading subreddit drama","Just Chatting","5609"
"2025-03-17T23:47:54Z","emiru","reading subreddit drama","Just Chatting","4434"
"2025-03-22T04:08:49Z","emiru","what happened on twitter today","Just Chatting","3940"
"2025-03-24T19:57:43Z","hasanabi","what happened on twitter today","Just Chatting","2318"
"2025-03-24T23:26:24Z","caedrel","Faker is back","League of Legends","3534"
"2025-04-01T05:29:19Z","valkyrae","minecraft server tour","Variety","2899"
"2025-04-03T08:35:42Z","emiru","subathon hour 12","Just Chatting","8115"
"2025-04-04T02:05:04Z","emiru","subathon hour 12","Just Chatting","4850"
"2025-04-04T07:38:18Z","northernlion","cooking but I cant cook","Just Chatting","5440"
"2025-04-07T08:21:01Z","emiru","subathon hour 12","Just Chatting","1863"
"2025-04-08T03:30:01Z","northernlion","reacting to vlogs","Just Chatting","10462"
"2025-04-10T01:55:38Z","theprimeagen","async rust deep dive","Software & Game Development","11363"
"2025-04-10T21:17:49Z","caedrel","review of yesterday's games","League of Legends","7867"
"2025-04-17T08:24:16Z","caedrel","ranked grind midlane","League of Legends","5653"
"2025-04-23T23:26:07Z","valkyrae","jackbox night","Variety","5505"
"2025-04-27T08:51:14Z","melodicunivers","new song writing session","Music","3821"
"2025-05-03T05:06:03Z","aspecticor","async rust deep dive","Software & Game Development","5594"
"2025-05-03T05:59:02Z","shannonzkiller","VCT Lock//In recap","Valorant","3466"
"2025-05-07T22:42:52Z","northernlion","cooking but I cant cook","Just Chatting","6226"
"2025-05-08T02:00:51Z","hasanabi","what happened on twitter today","Just Chatting","2162"
"2025-05-11T08:42:15Z","shannonzkiller","VCT Lock//In recap","Valorant","4314"
"2025-05-15T06:22:51Z","melodicunivers","sunday acoustic chill","Music","3149"
"2025-05-15T06:26:56Z","northernlion","reading subreddit drama","Just Chatting","6568"
"2025-05-17T06:23:44Z","theprimeagen","rust workshop part 3","Software & Game Development","2612"
"2025-05-19T20:30:52Z","theprimeagen","rust workshop part 3","Software & Game Development","4776"
"2025-05-21T18:21:06Z","aspecticor","vim config rebuild","Software & Game Development","7491"
"2025-05-22T07:12:20Z","caedrel","Faker is back","League of Legends","13674"
"2025-05-23T20:15:26Z","caedrel","ranked grind midlane","League of Legends","7550"
"2025-05-24T01:17:47Z","valkyrae","jackbox night","Variety","1839"
"2025-05-26T21:41:03Z","aspecticor","why i ditched my ide","Software & Game Development","3831"
"2025-05-27T22:30:48Z","aspecticor","rust workshop part 3","Software & Game Development","7796"
"2025-05-30T22:46:05Z","emiru","reacting to vlogs","Just Chatting","6680"
"2025-06-07T02:15:56Z","emiru","what happened on twitter today","Just Chatting","3731"
"2025-06-07T06:12:03Z","aspecticor","vim config rebuild","Software & Game Development","4332"
"2025-06-07T08:56:56Z","theprimeagen","async rust deep dive","Software & Game Development","2686"
"2025-06-08T04:43:22Z","melodicunivers","new song writing session","Music","2921"
"2025-06-09T05:15:36Z","emiru","what happened on twitter today","Just Chatting","6313"
"2025-06-11T01:26:16Z","aspecticor","vim config rebuild","Software & Game Development","2077"
"2025-06-12T06:21:40Z","valkyrae","escape simulator finale","Variety","2326"
"2025-06-20T18:05:09Z","valkyrae","minecraft server tour","Variety","3729"
"2025-06-20T22:52:24Z","northernlion","cooking but I cant cook","Just Chatting","8979"
"2025-06-23T20:39:59Z","shannonzkiller","kayo lineups masterclass","Valorant","2222"
"2025-06-25T19:06:32Z","theprimeagen","async rust deep dive","Software & Game Development","2047"
"2025-06-29T20:20:15Z","melodicunivers","new song writing session","Music","1883"
"2025-07-03T19:15:58Z","aspecticor","vim config rebuild","Software & Game Development","7986"
"2025-07-04T08:53:10Z","shannonzkiller","aim training routine","Valorant","2032"
"2025-07-10T05:23:01Z","northernlion","subathon hour 12","Just Chatting","8845"
"2025-07-10T07:56:56Z","shannonzkiller","VCT Lock//In recap","Valorant","3516"
"2025-07-11T02:12:52Z","hasanabi","reading subreddit drama","Just Chatting","3257"
"2025-07-12T08:31:23Z","melodicunivers","new song writing session","Music","4887"
"2025-07-13T22:38:47Z","northernlion","what happened on twitter today","Just Chatting","8423"
"2025-07-14T01:53:48Z","northernlion","reading subreddit drama","Just Chatting","5391"
"2025-07-16T05:05:38Z","melodicunivers","new song writing session","Music","3533"
"2025-07-17T20:54:46Z","emiru","subathon hour 12","Just Chatting","10969"
"2025-07-19T02:14:32Z","hasanabi","reacting to vlogs","Just Chatting","2049"
"2025-07-20T19:18:10Z","theprimeagen","vim config rebuild","Software & Game Development","3507"
"2025-07-22T18:12:10Z","melodicunivers","lofi piano improv","Music","2379"
"2025-07-24T19:56:07Z","hasanabi","reacting to vlogs","Just Chatting","5454"
"2025-07-26T03:26:45Z","caedrel","ranked grind midlane","League of Legends","5813"
"2025-07-29T06:31:44Z","caedrel","SoloQ to Master","League of Legends","9296"
"2025-08-01T04:34:19Z","emiru","what happened on twitter today","Just Chatting","8141"
"2025-08-01T22:12:58Z","emiru","cooking but I cant cook","Just Chatting","4980"
"2025-08-02T19:08:32Z","northernlion","cooking but I cant cook","Just Chatting","8853"
"2025-08-05T04:35:32Z","shannonzkiller","kayo lineups masterclass","Valorant","3025"
"2025-08-08T04:51:46Z","melodicunivers","lofi piano improv","Music","2538"
"2025-08-12T03:31:38Z","theprimeagen","building a tiny lisp from scratch","Software & Game Development","5731"
"2025-08-14T19:47:42Z","emiru","cooking but I cant cook","Just Chatting","2282"
"2025-08-17T02:44:34Z","aspecticor","why i ditched my ide","Software & Game Development","2770"
"2025-08-18T21:12:26Z","northernlion","reacting to vlogs","Just Chatting","2114"
"2025-08-28T04:30:58Z","northernlion","subathon hour 12","Just Chatting","10079"
"2025-08-30T05:43:56Z","valkyrae","escape simulator finale","Variety","2375"
"2025-09-01T03:00:22Z","melodicunivers","new song writing session","Music","2942"
"2025-09-05T19:56:30Z","melodicunivers","sunday acoustic chill","Music","8226"
"2025-09-08T08:49:51Z","hasanabi","reading subreddit drama","Just Chatting","1980"
"2025-09-09T20:44:20Z","shannonzkiller","ranked grind to immortal","Valorant","7545"
"2025-09-09T22:18:52Z","valkyrae","escape simulator finale","Variety","5098"
"2025-09-11T04:21:22Z","shannonzkiller","customs with viewers","Valorant","2593"
"2025-09-15T02:25:30Z","caedrel","review of yesterday's games","League of Legends","10834"
"2025-09-16T20:53:48Z","caedrel","SoloQ to Master","League of Legends","3296"
"2025-09-20T22:13:00Z","emiru","cooking but I cant cook","Just Chatting","2447"
"2025-09-25T18:26:48Z","aspecticor","vim config rebuild","Software & Game Development","2896"
"2025-09-28T18:59:26Z","shannonzkiller","ranked grind to immortal","Valorant","10026"
"2025-09-29T20:37:18Z","caedrel","SoloQ to Master","League of Legends","3659"
"2025-10-02T18:54:20Z","northernlion","subathon hour 12","Just Chatting","5749"
"2025-10-02T19:11:43Z","aspecticor","rust workshop part 3","Software & Game Development","6436"
"2025-10-05T04:39:38Z","aspecticor","rust workshop part 3","Software & Game Development","1822"
"2025-10-05T18:45:18Z","caedrel","draft chaos with chat","League of Legends","4556"
"2025-10-06T01:57:05Z","emiru","what happened on twitter today","Just Chatting","10899"
"2025-10-06T23:49:24Z","valkyrae","jackbox night","Variety","5596"
"2025-10-10T08:55:10Z","theprimeagen","building a tiny lisp from scratch","Software & Game Development","4609"
"2025-10-13T06:06:28Z","northernlion","cooking but I cant cook","Just Chatting","6999"
"2025-10-15T05:29:22Z","hasanabi","reading subreddit drama","Just Chatting","5394"
"2025-10-16T22:23:27Z","aspecticor","building a tiny lisp from scratch","Software & Game Development","3567"
"2025-10-20T21:43:13Z","northernlion","reading subreddit drama","Just Chatting","4866"
"2025-10-21T08:16:05Z","aspecticor","async rust deep dive","Software & Game Development","2956"
"2025-10-21T19:40:41Z","valkyrae","escape simulator finale","Variety","3442"
"2025-10-22T01:23:57Z","northernlion","reacting to vlogs","Just Chatting","2284"
"2025-10-23T18:52:45Z","theprimeagen","vim config rebuild","Software & Game Development","12463"
"2025-10-25T23:48:51Z","caedrel","SoloQ to Master","League of Legends","2013"
"2025-10-26T02:40:50Z","melodicunivers","new song writing session","Music","2619"
"2025-10-26T20:42:14Z","emiru","what happened on twitter today","Just Chatting","5729"
"2025-10-31T22:51:44Z","northernlion","reading subreddit drama","Just Chatting","3325"
"2025-11-02T03:29:02Z","shannonzkiller","customs with viewers","Valorant","3386"
"2025-11-04T06:37:30Z","northernlion","cooking but I cant cook","Just Chatting","4726"
"2025-11-08T06:14:21Z","theprimeagen","why i ditched my ide","Software & Game Development","3840"
"2025-11-08T07:10:37Z","valkyrae","gartic phone with friends","Variety","1877"
"2025-11-09T01:20:09Z","theprimeagen","rust workshop part 3","Software & Game Development","7453"
"2025-11-23T23:31:44Z","shannonzkiller","ranked grind to immortal","Valorant","7416"
"2025-12-01T06:45:37Z","emiru","what happened on twitter today","Just Chatting","4151"
"2025-12-02T02:25:56Z","emiru","reading subreddit drama","Just Chatting","2907"
"2025-12-02T03:09:28Z","northernlion","cooking but I cant cook","Just Chatting","2429"
"2025-12-06T20:56:40Z","caedrel","review of yesterday's games","League of Legends","9247"
"2025-12-08T08:54:07Z","caedrel","draft chaos with chat","League of Legends","14402"
"2025-12-16T05:39:35Z","emiru","what happened on twitter today","Just Chatting","6666"
"2025-12-17T06:04:59Z","aspecticor","building a tiny lisp from scratch","Software & Game Development","2845"
"2025-12-17T19:25:40Z","aspecticor","async rust deep dive","Software & Game Development","3748"
"2025-12-18T23:02:43Z","shannonzkiller","kayo lineups masterclass","Valorant","2083"
"2025-12-23T18:15:00Z","caedrel","LCK Spring 2024 GRAND FINAL coverage","League of Legends","6239"
"2025-12-23T22:44:41Z","valkyrae","escape simulator finale","Variety","2313"
"2025-12-27T18:56:48Z","theprimeagen","async rust deep dive","Software & Game Development","1906"
"2025-12-28T05:50:59Z","valkyrae","gartic phone with friends","Variety","3069"
"2025-12-29T02:30:45Z","melodicunivers","new song writing session","Music","7635"