Account Statement - (@cami-synth) - January 2024 to April 2026,,,,,,,,,,,,,,
,Username,ID,Datetime,Type,Status,Note,From,To,Amount (total),Amount (tip),Amount (tax),Amount (fee),Funding Source,Destination
,cami-synth,vm-101001,2024-01-04T18:32:00,Payment,Complete,rent · 🏠 Jan,Cami Synth,Riley Park,-650.00,0.00,0.00,0.00,Venmo balance,
,cami-synth,vm-101002,2024-01-09T20:11:00,Payment,Complete,wifi split,Cami Synth,Sam Lee,-22.50,0.00,0.00,0.00,Venmo balance,
,cami-synth,vm-101003,2024-01-12T13:04:00,Charge,Complete,pizza 🍕 last night,Devon Cole,Cami Synth,18.00,0.00,0.00,0.00,,
,cami-synth,vm-101004,2024-01-15T08:42:00,Payment,Complete,coffee + bagel ☕,Cami Synth,Kai Morgan,-9.25,0.00,0.00,0.00,Venmo balance,
,cami-synth,vm-101005,2024-01-19T22:14:00,Payment,Complete,sushi 🍣 split,Cami Synth,Devon Cole,-28.00,0.00,0.00,0.00,Venmo balance,
,cami-synth,vm-101006,2024-01-22T19:55:00,Payment,Complete,uber pool 🚗,Cami Synth,Sam Lee,-12.40,0.00,0.00,0.00,Venmo balance,
,cami-synth,vm-101007,2024-01-28T11:30:00,Charge,Complete,reimburse — groceries,Sam Lee,Cami Synth,42.10,0.00,0.00,0.00,,
,cami-synth,vm-101008,2024-02-01T09:00:00,Payment,Complete,rent · 🏠 Feb,Cami Synth,Riley Park,-650.00,0.00,0.00,0.00,Venmo balance,
,cami-synth,vm-101009,2024-02-05T20:18:00,Payment,Complete,dinner 🍝,Cami Synth,Devon Cole,-31.50,0.00,0.00,0.00,Venmo balance,
,cami-synth,vm-101010,2024-02-09T14:22:00,Charge,Complete,you covered the wine,Riley Park,Cami Synth,15.00,0.00,0.00,0.00,,
,cami-synth,vm-101011,2024-02-14T19:47:00,Payment,Complete,birthday gift 🎁 split,Cami Synth,Kai Morgan,-25.00,0.00,0.00,0.00,Venmo balance,
,cami-synth,vm-101012,2024-02-18T17:09:00,Payment,Complete,tacos 🌮 split,Cami Synth,Sam Lee,-14.75,0.00,0.00,0.00,Venmo balance,
,cami-synth,vm-101013,2024-02-22T12:40:00,Charge,Complete,lyft from airport,Devon Cole,Cami Synth,22.00,0.00,0.00,0.00,,
,cami-synth,vm-101014,2024-02-27T21:11:00,Payment,Complete,electric split — Feb,Cami Synth,Riley Park,-31.20,0.00,0.00,0.00,Venmo balance,
,cami-synth,vm-101015,2024-03-01T08:30:00,Payment,Complete,rent · 🏠 March,Cami Synth,Riley Park,-650.00,0.00,0.00,0.00,Venmo balance,
,cami-synth,vm-101016,2024-03-04T18:55:00,Payment,Complete,airbnb deposit ✈️,Cami Synth,Sam Lee,-180.00,0.00,0.00,0.00,Venmo balance,
,cami-synth,vm-101017,2024-03-04T18:56:00,Payment,Complete,airbnb deposit ✈️,Cami Synth,Devon Cole,-180.00,0.00,0.00,0.00,Venmo balance,
,cami-synth,vm-101018,2024-03-09T10:00:00,Charge,Complete,trip groceries reimbursed,Sam Lee,Cami Synth,86.40,0.00,0.00,0.00,,
,cami-synth,vm-101019,2024-03-12T22:30:00,Payment,Complete,gas split for road trip ⛽,Cami Synth,Kai Morgan,-38.00,0.00,0.00,0.00,Venmo balance,
,cami-synth,vm-101020,2024-03-16T13:25:00,Charge,Complete,trip dinner reimbursed 🍽️,Devon Cole,Cami Synth,52.00,0.00,0.00,0.00,,
,cami-synth,vm-101021,2024-03-21T11:10:00,Payment,Complete,coffee ☕,Cami Synth,Kai Morgan,-7.40,0.00,0.00,0.00,Venmo balance,
,cami-synth,vm-101022,2024-03-25T16:33:00,Standard Transfer,Complete,Transfer to bank,Cami Synth,Cami Synth,-200.00,0.00,0.00,0.00,Venmo balance,Bank ****4421
,cami-synth,vm-101023,2024-04-02T09:14:00,Payment,Complete,rent · 🏠 April,Cami Synth,Riley Park,-650.00,0.00,0.00,0.00,Venmo balance,
,cami-synth,vm-101024,2024-04-08T19:24:00,Charge,Complete,my half of the cake 🎂,Riley Park,Cami Synth,18.00,0.00,0.00,0.00,,
,cami-synth,vm-101025,2024-04-12T20:05:00,Payment,Complete,birthday dinner 🎉,Cami Synth,Devon Cole,-42.00,0.00,0.00,0.00,Venmo balance,
,cami-synth,vm-101026,2024-04-19T18:40:00,Payment,Complete,wifi split,Cami Synth,Sam Lee,-22.50,0.00,0.00,0.00,Venmo balance,
,cami-synth,vm-101027,2024-04-24T08:18:00,Payment,Complete,croissants 🥐,Cami Synth,Kai Morgan,-6.50,0.00,0.00,0.00,Venmo balance,
,cami-synth,vm-101028,2024-05-01T09:00:00,Payment,Complete,rent · 🏠 May,Cami Synth,Riley Park,-650.00,0.00,0.00,0.00,Venmo balance,
,cami-synth,vm-101029,2024-05-05T18:33:00,Payment,Complete,brunch 🥞,Cami Synth,Devon Cole,-23.50,0.00,0.00,0.00,Venmo balance,
,cami-synth,vm-101030,2024-05-08T14:11:00,Charge,Complete,electric refund — overcharge,Riley Park,Cami Synth,8.40,0.00,0.00,0.00,,
,cami-synth,vm-101031,2024-05-14T20:55:00,Payment,Complete,pho 🍜 split,Cami Synth,Sam Lee,-13.25,0.00,0.00,0.00,Venmo balance,
,cami-synth,vm-101032,2024-05-19T11:30:00,Payment,Complete,Mother's Day flowers 💐,Cami Synth,Avery Lin,-50.00,0.00,0.00,0.00,Venmo balance,
,cami-synth,vm-101033,2024-05-26T09:45:00,Payment,Complete,coffee ☕,Cami Synth,Kai Morgan,-7.40,0.00,0.00,0.00,Venmo balance,
,cami-synth,vm-101034,2024-06-01T09:00:00,Payment,Complete,rent · 🏠 June,Cami Synth,Riley Park,-650.00,0.00,0.00,0.00,Venmo balance,
,cami-synth,vm-101035,2024-06-04T19:30:00,Charge,Complete,reimburse — groceries,Sam Lee,Cami Synth,38.20,0.00,0.00,0.00,,
,cami-synth,vm-101036,2024-06-09T20:22:00,Payment,Complete,sushi 🍣 split,Cami Synth,Devon Cole,-29.00,0.00,0.00,0.00,Venmo balance,
,cami-synth,vm-101037,2024-06-12T16:40:00,Payment,Complete,Spotify family split,Cami Synth,Riley Park,-4.50,0.00,0.00,0.00,Venmo balance,
,cami-synth,vm-101038,2024-06-17T08:19:00,Payment,Complete,croissants 🥐,Cami Synth,Kai Morgan,-6.50,0.00,0.00,0.00,Venmo balance,
,cami-synth,vm-101039,2024-06-22T14:55:00,Payment,Complete,gas split ⛽,Cami Synth,Sam Lee,-15.00,0.00,0.00,0.00,Venmo balance,
,cami-synth,vm-101040,2024-06-29T10:30:00,Standard Transfer,Complete,Transfer to bank,Cami Synth,Cami Synth,-150.00,0.00,0.00,0.00,Venmo balance,Bank ****4421
,cami-synth,vm-101041,2024-07-02T09:00:00,Payment,Complete,rent · 🏠 July,Cami Synth,Riley Park,-650.00,0.00,0.00,0.00,Venmo balance,
,cami-synth,vm-101042,2024-07-06T20:18:00,Charge,Complete,trip Airbnb refund,Sam Lee,Cami Synth,180.00,0.00,0.00,0.00,,
,cami-synth,vm-101043,2024-07-12T18:24:00,Payment,Complete,birthday gift 🎁 split,Cami Synth,Avery Lin,-25.00,0.00,0.00,0.00,Venmo balance,
,cami-synth,vm-101044,2024-07-19T13:35:00,Payment,Complete,pizza 🍕 night,Cami Synth,Devon Cole,-19.50,0.00,0.00,0.00,Venmo balance,
,cami-synth,vm-101045,2024-07-23T11:48:00,Payment,Complete,wifi split,Cami Synth,Sam Lee,-22.50,0.00,0.00,0.00,Venmo balance,
,cami-synth,vm-101046,2024-07-30T20:40:00,Charge,Complete,my half of dinner,Riley Park,Cami Synth,21.00,0.00,0.00,0.00,,
,cami-synth,vm-101047,2024-08-02T09:00:00,Payment,Complete,rent · 🏠 Aug,Cami Synth,Riley Park,-650.00,0.00,0.00,0.00,Venmo balance,
,cami-synth,vm-101048,2024-08-08T19:11:00,Payment,Complete,brunch 🥞,Cami Synth,Devon Cole,-22.00,0.00,0.00,0.00,Venmo balance,
,cami-synth,vm-101049,2024-08-13T22:32:00,Payment,Complete,uber pool 🚗,Cami Synth,Kai Morgan,-9.80,0.00,0.00,0.00,Venmo balance,
,cami-synth,vm-101050,2024-08-19T15:18:00,Charge,Complete,reimburse — groceries,Sam Lee,Cami Synth,44.30,0.00,0.00,0.00,,
,cami-synth,vm-101051,2024-08-25T11:48:00,Payment,Complete,coffee ☕,Cami Synth,Kai Morgan,-7.40,0.00,0.00,0.00,Venmo balance,
,cami-synth,vm-101052,2024-09-02T09:00:00,Payment,Complete,rent · 🏠 Sept,Cami Synth,Riley Park,-650.00,0.00,0.00,0.00,Venmo balance,
,cami-synth,vm-101053,2024-09-06T20:30:00,Payment,Complete,tacos 🌮,Cami Synth,Devon Cole,-15.50,0.00,0.00,0.00,Venmo balance,
,cami-synth,vm-101054,2024-09-09T13:14:00,Payment,Complete,ramen 🍜 split,Cami Synth,Sam Lee,-12.20,0.00,0.00,0.00,Venmo balance,
,cami-synth,vm-101055,2024-09-15T18:55:00,Payment,Complete,wedding gift 🎁,Cami Synth,Avery Lin,-75.00,0.00,0.00,0.00,Venmo balance,
,cami-synth,vm-101056,2024-09-22T20:08:00,Charge,Complete,my share of dinner,Riley Park,Cami Synth,17.00,0.00,0.00,0.00,,
,cami-synth,vm-101057,2024-09-29T17:20:00,Payment,Complete,Spotify family split,Cami Synth,Riley Park,-4.50,0.00,0.00,0.00,Venmo balance,
,cami-synth,vm-101058,2024-10-01T09:00:00,Payment,Complete,rent · 🏠 Oct,Cami Synth,Riley Park,-650.00,0.00,0.00,0.00,Venmo balance,
,cami-synth,vm-101059,2024-10-05T18:30:00,Charge,Complete,pizza last night 🍕,Devon Cole,Cami Synth,16.00,0.00,0.00,0.00,,
,cami-synth,vm-101060,2024-10-12T20:24:00,Payment,Complete,bar tab split 🍻,Cami Synth,Sam Lee,-32.00,0.00,0.00,0.00,Venmo balance,
,cami-synth,vm-101061,2024-10-19T11:33:00,Payment,Complete,coffee ☕,Cami Synth,Kai Morgan,-7.40,0.00,0.00,0.00,Venmo balance,
,cami-synth,vm-101062,2024-10-25T17:02:00,Standard Transfer,Complete,Transfer to bank,Cami Synth,Cami Synth,-220.00,0.00,0.00,0.00,Venmo balance,Bank ****4421
,cami-synth,vm-101063,2024-10-29T09:18:00,Charge,Complete,wifi refund — promo credit,Sam Lee,Cami Synth,11.25,0.00,0.00,0.00,,
,cami-synth,vm-101064,2024-11-01T09:00:00,Payment,Complete,rent · 🏠 Nov,Cami Synth,Riley Park,-650.00,0.00,0.00,0.00,Venmo balance,
,cami-synth,vm-101065,2024-11-04T19:55:00,Payment,Complete,Friendsgiving groceries 🦃,Cami Synth,Devon Cole,-46.80,0.00,0.00,0.00,Venmo balance,
,cami-synth,vm-101066,2024-11-09T13:11:00,Charge,Complete,my half of the wine 🍷,Riley Park,Cami Synth,18.00,0.00,0.00,0.00,,
,cami-synth,vm-101067,2024-11-16T22:08:00,Payment,Complete,ramen 🍜 + drinks,Cami Synth,Sam Lee,-26.50,0.00,0.00,0.00,Venmo balance,
,cami-synth,vm-101068,2024-11-23T11:40:00,Payment,Complete,birthday gift 🎁,Cami Synth,Kai Morgan,-30.00,0.00,0.00,0.00,Venmo balance,
,cami-synth,vm-101069,2024-11-30T15:55:00,Payment,Complete,gas split ⛽,Cami Synth,Sam Lee,-18.20,0.00,0.00,0.00,Venmo balance,
,cami-synth,vm-101070,2024-12-01T09:00:00,Payment,Complete,rent · 🏠 Dec,Cami Synth,Riley Park,-650.00,0.00,0.00,0.00,Venmo balance,
,cami-synth,vm-101071,2024-12-05T20:20:00,Payment,Complete,holiday gifts 🎁,Cami Synth,Avery Lin,-100.00,0.00,0.00,0.00,Venmo balance,
,cami-synth,vm-101072,2024-12-09T18:33:00,Payment,Complete,dinner 🍝,Cami Synth,Devon Cole,-34.00,0.00,0.00,0.00,Venmo balance,
,cami-synth,vm-101073,2024-12-13T19:11:00,Charge,Complete,reimburse — gift split,Devon Cole,Cami Synth,33.00,0.00,0.00,0.00,,
,cami-synth,vm-101074,2024-12-18T20:44:00,Payment,Complete,year-end coffee ☕,Cami Synth,Kai Morgan,-8.00,0.00,0.00,0.00,Venmo balance,
,cami-synth,vm-101075,2024-12-22T17:02:00,Payment,Complete,electric split,Cami Synth,Riley Park,-28.00,0.00,0.00,0.00,Venmo balance,
,cami-synth,vm-101076,2024-12-30T11:18:00,Standard Transfer,Complete,Transfer to bank,Cami Synth,Cami Synth,-180.00,0.00,0.00,0.00,Venmo balance,Bank ****4421
,cami-synth,vm-101077,2025-01-02T09:00:00,Payment,Complete,rent · 🏠 Jan,Cami Synth,Riley Park,-675.00,0.00,0.00,0.00,Venmo balance,
,cami-synth,vm-101078,2025-01-08T13:48:00,Charge,Complete,reimburse — trip groceries,Sam Lee,Cami Synth,52.40,0.00,0.00,0.00,,
,cami-synth,vm-101079,2025-01-12T18:12:00,Payment,Complete,bar tab 🍻 split,Cami Synth,Devon Cole,-21.00,0.00,0.00,0.00,Venmo balance,
,cami-synth,vm-101080,2025-01-17T22:30:00,Payment,Complete,uber pool 🚗,Cami Synth,Sam Lee,-11.40,0.00,0.00,0.00,Venmo balance,
,cami-synth,vm-101081,2025-01-21T11:00:00,Payment,Complete,coffee ☕,Cami Synth,Kai Morgan,-7.40,0.00,0.00,0.00,Venmo balance,
,cami-synth,vm-101082,2025-01-26T19:55:00,Payment,Complete,Spotify family split,Cami Synth,Riley Park,-4.50,0.00,0.00,0.00,Venmo balance,
,cami-synth,vm-101083,2025-02-01T09:00:00,Payment,Complete,rent · 🏠 Feb,Cami Synth,Riley Park,-675.00,0.00,0.00,0.00,Venmo balance,
,cami-synth,vm-101084,2025-02-04T19:30:00,Charge,Complete,my half of dinner,Riley Park,Cami Synth,16.50,0.00,0.00,0.00,,
,cami-synth,vm-101085,2025-02-08T20:11:00,Payment,Complete,sushi 🍣,Cami Synth,Devon Cole,-32.00,0.00,0.00,0.00,Venmo balance,
,cami-synth,vm-101086,2025-02-14T19:42:00,Payment,Complete,Valentine gift 💐,Cami Synth,Avery Lin,-65.00,0.00,0.00,0.00,Venmo balance,
,cami-synth,vm-101087,2025-02-19T17:30:00,Payment,Complete,electric split,Cami Synth,Riley Park,-29.50,0.00,0.00,0.00,Venmo balance,
,cami-synth,vm-101088,2025-02-23T13:08:00,Charge,Complete,wifi promo refund,Sam Lee,Cami Synth,9.50,0.00,0.00,0.00,,
,cami-synth,vm-101089,2025-03-01T09:00:00,Payment,Complete,rent · 🏠 March,Cami Synth,Riley Park,-675.00,0.00,0.00,0.00,Venmo balance,
,cami-synth,vm-101090,2025-03-04T18:50:00,Payment,Complete,road trip Airbnb ✈️,Cami Synth,Sam Lee,-220.00,0.00,0.00,0.00,Venmo balance,
,cami-synth,vm-101091,2025-03-04T18:51:00,Payment,Complete,road trip Airbnb ✈️,Cami Synth,Devon Cole,-220.00,0.00,0.00,0.00,Venmo balance,
,cami-synth,vm-101092,2025-03-04T18:52:00,Payment,Complete,road trip Airbnb ✈️,Cami Synth,Kai Morgan,-220.00,0.00,0.00,0.00,Venmo balance,
,cami-synth,vm-101093,2025-03-09T11:48:00,Charge,Complete,road trip groceries reimbursed,Sam Lee,Cami Synth,108.40,0.00,0.00,0.00,,
,cami-synth,vm-101094,2025-03-12T22:08:00,Charge,Complete,road trip dinner reimbursed,Devon Cole,Cami Synth,72.00,0.00,0.00,0.00,,
,cami-synth,vm-101095,2025-03-15T19:20:00,Charge,Complete,road trip gas reimbursed,Kai Morgan,Cami Synth,38.00,0.00,0.00,0.00,,
,cami-synth,vm-101096,2025-03-22T11:00:00,Payment,Complete,coffee ☕,Cami Synth,Kai Morgan,-7.40,0.00,0.00,0.00,Venmo balance,
,cami-synth,vm-101097,2025-03-25T20:18:00,Payment,Complete,birthday dinner 🎂,Cami Synth,Devon Cole,-44.00,0.00,0.00,0.00,Venmo balance,
,cami-synth,vm-101098,2025-03-29T17:11:00,Standard Transfer,Complete,Transfer to bank,Cami Synth,Cami Synth,-300.00,0.00,0.00,0.00,Venmo balance,Bank ****4421
,cami-synth,vm-101099,2025-04-01T09:00:00,Payment,Complete,rent · 🏠 April,Cami Synth,Riley Park,-675.00,0.00,0.00,0.00,Venmo balance,
,cami-synth,vm-101100,2025-04-08T19:55:00,Payment,Complete,pizza 🍕 split,Cami Synth,Sam Lee,-17.50,0.00,0.00,0.00,Venmo balance,
,cami-synth,vm-101101,2025-04-13T20:30:00,Payment,Complete,brunch 🥞,Cami Synth,Devon Cole,-22.40,0.00,0.00,0.00,Venmo balance,
,cami-synth,vm-101102,2025-04-19T13:11:00,Charge,Complete,reimburse — groceries,Sam Lee,Cami Synth,40.20,0.00,0.00,0.00,,
,cami-synth,vm-101103,2025-04-26T18:24:00,Payment,Complete,croissants 🥐,Cami Synth,Kai Morgan,-6.50,0.00,0.00,0.00,Venmo balance,
,cami-synth,vm-101104,2025-05-02T09:00:00,Payment,Complete,rent · 🏠 May,Cami Synth,Riley Park,-675.00,0.00,0.00,0.00,Venmo balance,
,cami-synth,vm-101105,2025-05-05T20:33:00,Payment,Complete,bar tab 🍻,Cami Synth,Devon Cole,-28.00,0.00,0.00,0.00,Venmo balance,
,cami-synth,vm-101106,2025-05-09T18:11:00,Payment,Complete,uber pool 🚗,Cami Synth,Sam Lee,-12.20,0.00,0.00,0.00,Venmo balance,
,cami-synth,vm-101107,2025-05-13T11:30:00,Charge,Complete,my half of dinner,Riley Park,Cami Synth,19.00,0.00,0.00,0.00,,
,cami-synth,vm-101108,2025-05-19T17:42:00,Payment,Complete,Mother's Day flowers 💐,Cami Synth,Avery Lin,-55.00,0.00,0.00,0.00,Venmo balance,
,cami-synth,vm-101109,2025-05-26T08:55:00,Payment,Complete,coffee ☕,Cami Synth,Kai Morgan,-7.80,0.00,0.00,0.00,Venmo balance,
,cami-synth,vm-101110,2025-06-01T09:00:00,Payment,Complete,rent · 🏠 June,Cami Synth,Riley Park,-675.00,0.00,0.00,0.00,Venmo balance,
,cami-synth,vm-101111,2025-06-04T19:30:00,Payment,Complete,Spotify family split,Cami Synth,Riley Park,-4.50,0.00,0.00,0.00,Venmo balance,
,cami-synth,vm-101112,2025-06-09T20:18:00,Payment,Complete,sushi 🍣 split,Cami Synth,Devon Cole,-31.00,0.00,0.00,0.00,Venmo balance,
,cami-synth,vm-101113,2025-06-15T18:24:00,Charge,Complete,reimburse — concert tickets 🎟️,Devon Cole,Cami Synth,90.00,0.00,0.00,0.00,,
,cami-synth,vm-101114,2025-06-22T11:11:00,Charge,Complete,reimburse — groceries,Sam Lee,Cami Synth,46.80,0.00,0.00,0.00,,
,cami-synth,vm-101115,2025-06-28T17:55:00,Payment,Complete,croissants 🥐,Cami Synth,Kai Morgan,-7.00,0.00,0.00,0.00,Venmo balance,
,cami-synth,vm-101116,2025-07-02T09:00:00,Payment,Complete,rent · 🏠 July,Cami Synth,Riley Park,-675.00,0.00,0.00,0.00,Venmo balance,
,cami-synth,vm-101117,2025-07-04T20:00:00,Payment,Complete,4th cookout 🌭 split,Cami Synth,Devon Cole,-24.00,0.00,0.00,0.00,Venmo balance,
,cami-synth,vm-101118,2025-07-09T13:48:00,Payment,Complete,wifi split,Cami Synth,Sam Lee,-22.50,0.00,0.00,0.00,Venmo balance,
,cami-synth,vm-101119,2025-07-13T19:20:00,Payment,Complete,sushi 🍣,Cami Synth,Devon Cole,-29.00,0.00,0.00,0.00,Venmo balance,
,cami-synth,vm-101120,2025-07-18T11:42:00,Charge,Complete,my half of cake 🎂,Riley Park,Cami Synth,17.50,0.00,0.00,0.00,,
,cami-synth,vm-101121,2025-07-25T18:33:00,Standard Transfer,Pending,Transfer to bank,Cami Synth,Cami Synth,-250.00,0.00,0.00,0.00,Venmo balance,Bank ****4421
,cami-synth,vm-101122,2025-07-26T09:18:00,Standard Transfer,Complete,Transfer to bank,Cami Synth,Cami Synth,-250.00,0.00,0.00,0.00,Venmo balance,Bank ****4421
,cami-synth,vm-101123,2025-08-02T09:00:00,Payment,Complete,rent · 🏠 Aug,Cami Synth,Riley Park,-675.00,0.00,0.00,0.00,Venmo balance,
,cami-synth,vm-101124,2025-08-06T20:11:00,Payment,Complete,brunch 🥞,Cami Synth,Devon Cole,-22.50,0.00,0.00,0.00,Venmo balance,
,cami-synth,vm-101125,2025-08-12T22:30:00,Payment,Complete,uber pool 🚗,Cami Synth,Kai Morgan,-10.20,0.00,0.00,0.00,Venmo balance,
,cami-synth,vm-101126,2025-08-19T17:18:00,Charge,Complete,reimburse — trip groceries,Sam Lee,Cami Synth,52.10,0.00,0.00,0.00,,
,cami-synth,vm-101127,2025-08-26T11:30:00,Payment,Complete,coffee ☕,Cami Synth,Kai Morgan,-7.80,0.00,0.00,0.00,Venmo balance,
,cami-synth,vm-101128,2025-09-02T09:00:00,Payment,Complete,rent · 🏠 Sept,Cami Synth,Riley Park,-700.00,0.00,0.00,0.00,Venmo balance,
,cami-synth,vm-101129,2025-09-04T19:55:00,Payment,Complete,tacos 🌮 split,Cami Synth,Devon Cole,-15.00,0.00,0.00,0.00,Venmo balance,
,cami-synth,vm-101130,2025-09-09T20:24:00,Payment,Complete,ramen 🍜,Cami Synth,Sam Lee,-13.50,0.00,0.00,0.00,Venmo balance,
,cami-synth,vm-101131,2025-09-15T18:55:00,Payment,Complete,wedding gift 🎁,Cami Synth,Avery Lin,-85.00,0.00,0.00,0.00,Venmo balance,
,cami-synth,vm-101132,2025-09-22T17:30:00,Charge,Complete,my share of dinner,Riley Park,Cami Synth,18.50,0.00,0.00,0.00,,
,cami-synth,vm-101133,2025-09-29T11:11:00,Payment,Complete,Spotify family split,Cami Synth,Riley Park,-4.50,0.00,0.00,0.00,Venmo balance,
,cami-synth,vm-101134,2025-10-01T09:00:00,Payment,Complete,rent · 🏠 Oct,Cami Synth,Riley Park,-700.00,0.00,0.00,0.00,Venmo balance,
,cami-synth,vm-101135,2025-10-05T20:18:00,Payment,Complete,bar tab 🍻 split,Cami Synth,Devon Cole,-31.00,0.00,0.00,0.00,Venmo balance,
,cami-synth,vm-101136,2025-10-11T19:42:00,Charge,Complete,reimburse — groceries,Sam Lee,Cami Synth,38.40,0.00,0.00,0.00,,
,cami-synth,vm-101137,2025-10-18T13:08:00,Payment,Complete,coffee ☕,Cami Synth,Kai Morgan,-7.80,0.00,0.00,0.00,Venmo balance,
,cami-synth,vm-101138,2025-10-25T17:02:00,Instant Transfer,Complete,Instant Transfer to bank,Cami Synth,Cami Synth,-200.00,0.00,0.00,1.50,Venmo balance,Bank ****4421
,cami-synth,vm-101139,2025-10-29T11:18:00,Payment,Held,split — flagged for review,Cami Synth,Sam Lee,-180.00,0.00,0.00,0.00,Venmo balance,
,cami-synth,vm-101140,2025-11-01T09:00:00,Payment,Complete,rent · 🏠 Nov,Cami Synth,Riley Park,-700.00,0.00,0.00,0.00,Venmo balance,
,cami-synth,vm-101141,2025-11-04T19:55:00,Payment,Complete,Friendsgiving groceries 🦃,Cami Synth,Devon Cole,-52.40,0.00,0.00,0.00,Venmo balance,
,cami-synth,vm-101142,2025-11-09T20:30:00,Charge,Complete,my half of the wine 🍷,Riley Park,Cami Synth,18.00,0.00,0.00,0.00,,
,cami-synth,vm-101143,2025-11-15T17:42:00,Payment,Complete,ramen 🍜,Cami Synth,Sam Lee,-14.20,0.00,0.00,0.00,Venmo balance,
,cami-synth,vm-101144,2025-11-22T15:11:00,Payment,Complete,birthday gift 🎁,Cami Synth,Kai Morgan,-32.00,0.00,0.00,0.00,Venmo balance,
,cami-synth,vm-101145,2025-11-30T13:55:00,Payment,Complete,gas split ⛽,Cami Synth,Sam Lee,-19.00,0.00,0.00,0.00,Venmo balance,
,cami-synth,vm-101146,2025-12-02T09:00:00,Payment,Complete,rent · 🏠 Dec,Cami Synth,Riley Park,-700.00,0.00,0.00,0.00,Venmo balance,
,cami-synth,vm-101147,2025-12-06T19:42:00,Payment,Complete,holiday gifts 🎁,Cami Synth,Avery Lin,-110.00,0.00,0.00,0.00,Venmo balance,
,cami-synth,vm-101148,2025-12-09T18:33:00,Payment,Complete,dinner 🍝,Cami Synth,Devon Cole,-36.00,0.00,0.00,0.00,Venmo balance,
,cami-synth,vm-101149,2025-12-13T19:11:00,Charge,Complete,reimburse — gift split,Devon Cole,Cami Synth,55.00,0.00,0.00,0.00,,
,cami-synth,vm-101150,2025-12-18T20:44:00,Payment,Complete,year-end coffee ☕,Cami Synth,Kai Morgan,-8.50,0.00,0.00,0.00,Venmo balance,
,cami-synth,vm-101151,2025-12-23T17:02:00,Payment,Complete,electric split,Cami Synth,Riley Park,-31.00,0.00,0.00,0.00,Venmo balance,
,cami-synth,vm-101152,2025-12-30T11:18:00,Standard Transfer,Complete,Transfer to bank,Cami Synth,Cami Synth,-220.00,0.00,0.00,0.00,Venmo balance,Bank ****4421
,cami-synth,vm-101153,2026-01-02T09:00:00,Payment,Complete,rent · 🏠 Jan,Cami Synth,Riley Park,-700.00,0.00,0.00,0.00,Venmo balance,
,cami-synth,vm-101154,2026-01-08T19:55:00,Payment,Complete,bar tab 🍻 split,Cami Synth,Devon Cole,-22.50,0.00,0.00,0.00,Venmo balance,
,cami-synth,vm-101155,2026-01-13T18:11:00,Charge,Complete,reimburse — groceries,Sam Lee,Cami Synth,42.20,0.00,0.00,0.00,,
,cami-synth,vm-101156,2026-01-18T11:00:00,Payment,Complete,coffee ☕,Cami Synth,Kai Morgan,-8.50,0.00,0.00,0.00,Venmo balance,
,cami-synth,vm-101157,2026-01-25T19:42:00,Payment,Complete,Spotify family split,Cami Synth,Riley Park,-5.00,0.00,0.00,0.00,Venmo balance,
,cami-synth,vm-101158,2026-02-01T09:00:00,Payment,Complete,rent · 🏠 Feb,Cami Synth,Riley Park,-700.00,0.00,0.00,0.00,Venmo balance,
,cami-synth,vm-101159,2026-02-05T19:30:00,Charge,Complete,my half of dinner,Riley Park,Cami Synth,18.50,0.00,0.00,0.00,,
,cami-synth,vm-101160,2026-02-09T20:11:00,Payment,Complete,sushi 🍣 split,Cami Synth,Devon Cole,-32.50,0.00,0.00,0.00,Venmo balance,
,cami-synth,vm-101161,2026-02-14T19:42:00,Payment,Complete,Valentine flowers 💐,Cami Synth,Avery Lin,-70.00,0.00,0.00,0.00,Venmo balance,
,cami-synth,vm-101162,2026-02-19T17:30:00,Payment,Complete,electric split,Cami Synth,Riley Park,-32.00,0.00,0.00,0.00,Venmo balance,
,cami-synth,vm-101163,2026-02-23T13:08:00,Charge,Complete,wifi promo refund,Sam Lee,Cami Synth,12.00,0.00,0.00,0.00,,
,cami-synth,vm-101164,2026-03-01T09:00:00,Payment,Complete,rent · 🏠 March,Cami Synth,Riley Park,-700.00,0.00,0.00,0.00,Venmo balance,
,cami-synth,vm-101165,2026-03-04T18:50:00,Payment,Complete,road trip Airbnb ✈️,Cami Synth,Sam Lee,-240.00,0.00,0.00,0.00,Venmo balance,
,cami-synth,vm-101166,2026-03-04T18:51:00,Payment,Complete,road trip Airbnb ✈️,Cami Synth,Devon Cole,-240.00,0.00,0.00,0.00,Venmo balance,
,cami-synth,vm-101167,2026-03-09T11:48:00,Charge,Complete,road trip groceries reimbursed,Sam Lee,Cami Synth,118.40,0.00,0.00,0.00,,
,cami-synth,vm-101168,2026-03-12T22:08:00,Charge,Complete,road trip dinner reimbursed,Devon Cole,Cami Synth,82.00,0.00,0.00,0.00,,
,cami-synth,vm-101169,2026-03-15T19:20:00,Payment,Refunded,duplicate charge — refunded,Cami Synth,Devon Cole,-44.00,0.00,0.00,0.00,Venmo balance,
,cami-synth,vm-101170,2026-03-15T19:25:00,Refund,Complete,refund — duplicate charge,Devon Cole,Cami Synth,44.00,0.00,0.00,0.00,,
,cami-synth,vm-101171,2026-03-22T11:00:00,Payment,Complete,coffee ☕,Cami Synth,Kai Morgan,-8.50,0.00,0.00,0.00,Venmo balance,
,cami-synth,vm-101172,2026-03-25T20:18:00,Payment,Complete,birthday dinner 🎂,Cami Synth,Devon Cole,-46.00,0.00,0.00,0.00,Venmo balance,
,cami-synth,vm-101173,2026-03-29T17:11:00,Standard Transfer,Complete,Transfer to bank,Cami Synth,Cami Synth,-310.00,0.00,0.00,0.00,Venmo balance,Bank ****4421
,cami-synth,vm-101174,2026-04-01T09:00:00,Payment,Complete,rent · 🏠 April,Cami Synth,Riley Park,-700.00,0.00,0.00,0.00,Venmo balance,
,cami-synth,vm-101175,2026-04-04T19:55:00,Payment,Complete,brunch 🥞,Cami Synth,Devon Cole,-23.50,0.00,0.00,0.00,Venmo balance,
,cami-synth,vm-101176,2026-04-09T20:33:00,Payment,Complete,uber pool 🚗,Cami Synth,Sam Lee,-12.40,0.00,0.00,0.00,Venmo balance,
,cami-synth,vm-101177,2026-04-15T18:11:00,Charge,Complete,reimburse — groceries,Sam Lee,Cami Synth,44.20,0.00,0.00,0.00,,
,cami-synth,vm-101178,2026-04-22T11:30:00,Payment,Complete,coffee ☕,Cami Synth,Kai Morgan,-8.50,0.00,0.00,0.00,Venmo balance,
,cami-synth,vm-101179,2026-04-29T13:08:00,Payment,Complete,Spotify family split,Cami Synth,Riley Park,-5.00,0.00,0.00,0.00,Venmo balance,
,cami-synth,vm-101180,2026-04-30T17:24:00,Instant Transfer,Complete,Instant Transfer to bank,Cami Synth,Cami Synth,-150.00,0.00,0.00,1.50,Venmo balance,Bank ****4421
